TIME,dpStatusHTTPTransactions2serviceClass,dpStatusHTTPTransactions2proxy,dpStatusHTTPTransactions2tenSeconds,dpStatusHTTPTransactions2oneMinute,dpStatusHTTPTransactions2tenMinutes,dpStatusHTTPTransactions2oneHour,dpStatusHTTPTransactions2oneDay
1579010376.405137,multiProtocolGateway,CustomDomainsApiRouter,0,0,0,0,0
1579010376.405137,multiProtocolGateway,customDomains,800,721,704,763,503
1579010376.405137,multiProtocolGateway,deploySNIArtifacts,0,0,0,0,0
1579010376.405137,multiProtocolGateway,mbaas_uri_to_host,46,54,56,49,47
1579010376.405137,multiProtocolGateway,stats,0,0,0,0,0
1579010946.173453,multiProtocolGateway,CustomDomainsApiRouter,0,0,0,0,0
1579010946.173453,multiProtocolGateway,customDomains,715,664,689,739,503
1579010946.173453,multiProtocolGateway,deploySNIArtifacts,0,0,0,0,0
1579010946.173453,multiProtocolGateway,mbaas_uri_to_host,69,54,58,51,47
1579010946.173453,multiProtocolGateway,stats,0,0,0,0,0
1579010976.762458,multiProtocolGateway,CustomDomainsApiRouter,0,0,0,0,0
1579010976.762458,multiProtocolGateway,customDomains,686,661,685,739,503
1579010976.762458,multiProtocolGateway,deploySNIArtifacts,0,0,0,0,0
1579010976.762458,multiProtocolGateway,mbaas_uri_to_host,44,59,58,51,47
1579010976.762458,multiProtocolGateway,stats,0,0,0,0,0
1579011546.500972,multiProtocolGateway,CustomDomainsApiRouter,0,0,0,0,0
1579011546.500972,multiProtocolGateway,customDomains,636,596,633,713,503
1579011546.500972,multiProtocolGateway,deploySNIArtifacts,0,0,0,0,0
1579011546.500972,multiProtocolGateway,mbaas_uri_to_host,48,51,67,54,47
1579011546.500972,multiProtocolGateway,stats,0,0,0,0,0
1579011577.114331,multiProtocolGateway,CustomDomainsApiRouter,0,0,0,0,0
1579011577.114331,multiProtocolGateway,customDomains,618,591,626,713,503
1579011577.114331,multiProtocolGateway,deploySNIArtifacts,0,0,0,0,0
1579011577.114331,multiProtocolGateway,mbaas_uri_to_host,57,53,66,54,47
1579011577.114331,multiProtocolGateway,stats,0,0,0,0,0
1579012146.832375,multiProtocolGateway,CustomDomainsApiRouter,0,0,0,0,0
1579012146.832375,multiProtocolGateway,customDomains,597,577,593,687,503
1579012146.832375,multiProtocolGateway,deploySNIArtifacts,0,0,0,0,0
1579012146.832375,multiProtocolGateway,mbaas_uri_to_host,56,52,52,56,47
1579012146.832375,multiProtocolGateway,stats,0,0,0,0,0
1579012177.445206,multiProtocolGateway,CustomDomainsApiRouter,0,0,0,0,0
1579012177.445206,multiProtocolGateway,customDomains,543,569,592,687,503
1579012177.445206,multiProtocolGateway,deploySNIArtifacts,0,0,0,0,0
1579012177.445206,multiProtocolGateway,mbaas_uri_to_host,52,48,52,56,47
1579012177.445206,multiProtocolGateway,stats,0,0,0,0,0
1579012747.139821,multiProtocolGateway,CustomDomainsApiRouter,0,0,0,0,0
1579012747.139821,multiProtocolGateway,customDomains,607,554,576,659,502
1579012747.139821,multiProtocolGateway,deploySNIArtifacts,0,0,0,0,0
1579012747.139821,multiProtocolGateway,mbaas_uri_to_host,71,59,52,58,47
1579012747.139821,multiProtocolGateway,stats,0,0,0,0,0
1579012777.80613,multiProtocolGateway,CustomDomainsApiRouter,0,0,0,0,0
1579012777.80613,multiProtocolGateway,customDomains,541,557,574,659,502
1579012777.80613,multiProtocolGateway,deploySNIArtifacts,0,0,0,0,0
1579012777.80613,multiProtocolGateway,mbaas_uri_to_host,39,55,53,58,47
1579012777.80613,multiProtocolGateway,stats,0,0,0,0,0
1579013347.489585,multiProtocolGateway,CustomDomainsApiRouter,0,0,0,0,0
1579013347.489585,multiProtocolGateway,customDomains,621,569,561,635,502
1579013347.489585,multiProtocolGateway,deploySNIArtifacts,0,0,0,0,0
1579013347.489585,multiProtocolGateway,mbaas_uri_to_host,64,54,64,58,47
1579013347.489585,multiProtocolGateway,stats,0,0,0,0,0
1579013378.129351,multiProtocolGateway,CustomDomainsApiRouter,0,0,0,0,0
1579013378.129351,multiProtocolGateway,customDomains,551,572,564,635,502
1579013378.129351,multiProtocolGateway,deploySNIArtifacts,0,0,0,0,0
1579013378.129351,multiProtocolGateway,mbaas_uri_to_host,38,52,64,58,47
1579013378.129351,multiProtocolGateway,stats,0,0,0,0,0
1579013947.818621,multiProtocolGateway,CustomDomainsApiRouter,0,0,0,0,0
1579013947.818621,multiProtocolGateway,customDomains,600,563,559,608,502
1579013947.818621,multiProtocolGateway,deploySNIArtifacts,0,0,0,0,0
1579013947.818621,multiProtocolGateway,mbaas_uri_to_host,64,51,56,58,47
1579013947.818621,multiProtocolGateway,stats,0,0,0,0,0
1579013951.75707,multiProtocolGateway,CustomDomainsApiRouter,0,0,0,0,0
1579013951.75707,multiProtocolGateway,customDomains,600,563,559,608,502
1579013951.75707,multiProtocolGateway,deploySNIArtifacts,0,0,0,0,0
1579013951.75707,multiProtocolGateway,mbaas_uri_to_host,64,51,56,58,47
1579013951.75707,multiProtocolGateway,stats,0,0,0,0,0
1579013978.50618,multiProtocolGateway,CustomDomainsApiRouter,0,0,0,0,0
1579013978.50618,multiProtocolGateway,customDomains,524,546,555,608,502
1579013978.50618,multiProtocolGateway,deploySNIArtifacts,0,0,0,0,0
1579013978.50618,multiProtocolGateway,mbaas_uri_to_host,61,50,55,58,47
1579013978.50618,multiProtocolGateway,stats,0,0,0,0,0
1579014061.813451,multiProtocolGateway,CustomDomainsApiRouter,0,0,0,0,0
1579014061.813451,multiProtocolGateway,customDomains,565,562,553,608,502
1579014061.813451,multiProtocolGateway,deploySNIArtifacts,0,0,0,0,0
1579014061.813451,multiProtocolGateway,mbaas_uri_to_host,35,51,55,58,47
1579014061.813451,multiProtocolGateway,stats,0,0,0,0,0
1579014548.217336,multiProtocolGateway,CustomDomainsApiRouter,0,0,0,0,0
1579014548.217336,multiProtocolGateway,customDomains,584,555,558,585,502
1579014548.217336,multiProtocolGateway,deploySNIArtifacts,0,0,0,0,0
1579014548.217336,multiProtocolGateway,mbaas_uri_to_host,52,49,55,58,47
1579014548.217336,multiProtocolGateway,stats,0,0,0,0,0
1579014552.100745,multiProtocolGateway,CustomDomainsApiRouter,0,0,0,0,0
1579014552.100745,multiProtocolGateway,customDomains,584,555,558,585,502
1579014552.100745,multiProtocolGateway,deploySNIArtifacts,0,0,0,0,0
1579014552.100745,multiProtocolGateway,mbaas_uri_to_host,52,49,55,58,47
1579014552.100745,multiProtocolGateway,stats,0,0,0,0,0
1579014578.852618,multiProtocolGateway,CustomDomainsApiRouter,0,0,0,0,0
1579014578.852618,multiProtocolGateway,customDomains,536,550,558,585,502
1579014578.852618,multiProtocolGateway,deploySNIArtifacts,0,0,0,0,0
1579014578.852618,multiProtocolGateway,mbaas_uri_to_host,34,50,55,58,47
1579014578.852618,multiProtocolGateway,stats,0,0,0,0,0
1579014662.147469,multiProtocolGateway,CustomDomainsApiRouter,0,0,0,0,0
1579014662.147469,multiProtocolGateway,customDomains,566,544,557,585,502
1579014662.147469,multiProtocolGateway,deploySNIArtifacts,0,0,0,0,0
1579014662.147469,multiProtocolGateway,mbaas_uri_to_host,43,52,55,58,47
1579014662.147469,multiProtocolGateway,stats,0,0,0,0,0
1579015148.569143,multiProtocolGateway,CustomDomainsApiRouter,0,0,0,0,0
1579015148.569143,multiProtocolGateway,customDomains,602,554,550,569,502
1579015148.569143,multiProtocolGateway,deploySNIArtifacts,0,0,0,0,0
1579015148.569143,multiProtocolGateway,mbaas_uri_to_host,64,50,63,57,47
1579015148.569143,multiProtocolGateway,stats,0,0,0,0,0
1579015152.459145,multiProtocolGateway,CustomDomainsApiRouter,0,0,0,0,0
1579015152.459145,multiProtocolGateway,customDomains,602,554,550,569,502
1579015152.459145,multiProtocolGateway,deploySNIArtifacts,0,0,0,0,0
1579015152.459145,multiProtocolGateway,mbaas_uri_to_host,64,50,63,57,47
1579015152.459145,multiProtocolGateway,stats,0,0,0,0,0
1579015179.187119,multiProtocolGateway,CustomDomainsApiRouter,0,0,0,0,0
1579015179.187119,multiProtocolGateway,customDomains,546,550,549,569,502
1579015179.187119,multiProtocolGateway,deploySNIArtifacts,0,0,0,0,0
1579015179.187119,multiProtocolGateway,mbaas_uri_to_host,44,54,63,57,47
1579015179.187119,multiProtocolGateway,stats,0,0,0,0,0
1579015262.508929,multiProtocolGateway,CustomDomainsApiRouter,0,0,0,0,0
1579015262.508929,multiProtocolGateway,customDomains,580,561,551,569,502
1579015262.508929,multiProtocolGateway,deploySNIArtifacts,0,0,0,0,0
1579015262.508929,multiProtocolGateway,mbaas_uri_to_host,50,49,62,57,47
1579015262.508929,multiProtocolGateway,stats,0,0,0,0,0
1579015748.922217,multiProtocolGateway,CustomDomainsApiRouter,0,0,0,0,0
1579015748.922217,multiProtocolGateway,customDomains,560,526,554,561,502
1579015748.922217,multiProtocolGateway,deploySNIArtifacts,0,0,0,0,0
1579015748.922217,multiProtocolGateway,mbaas_uri_to_host,64,51,48,57,47
1579015748.922217,multiProtocolGateway,stats,0,0,0,0,0
1579015752.773139,multiProtocolGateway,CustomDomainsApiRouter,0,0,0,0,0
1579015752.773139,multiProtocolGateway,customDomains,560,526,554,561,502
1579015752.773139,multiProtocolGateway,deploySNIArtifacts,0,0,0,0,0
1579015752.773139,multiProtocolGateway,mbaas_uri_to_host,64,51,48,57,47
1579015752.773139,multiProtocolGateway,stats,0,0,0,0,0
1579015779.532463,multiProtocolGateway,CustomDomainsApiRouter,0,0,0,0,0
1579015779.532463,multiProtocolGateway,customDomains,505,513,550,561,502
1579015779.532463,multiProtocolGateway,deploySNIArtifacts,0,0,0,0,0
1579015779.532463,multiProtocolGateway,mbaas_uri_to_host,34,49,48,57,47
1579015779.532463,multiProtocolGateway,stats,0,0,0,0,0
1579015862.828102,multiProtocolGateway,CustomDomainsApiRouter,0,0,0,0,0
1579015862.828102,multiProtocolGateway,customDomains,551,567,551,561,502
1579015862.828102,multiProtocolGateway,deploySNIArtifacts,0,0,0,0,0
1579015862.828102,multiProtocolGateway,mbaas_uri_to_host,38,46,48,57,47
1579015862.828102,multiProtocolGateway,stats,0,0,0,0,0
1579016353.091551,multiProtocolGateway,CustomDomainsApiRouter,0,0,0,0,0
1579016353.091551,multiProtocolGateway,customDomains,564,539,541,554,501
1579016353.091551,multiProtocolGateway,deploySNIArtifacts,0,0,0,0,0
1579016353.091551,multiProtocolGateway,mbaas_uri_to_host,74,52,49,56,48
1579016353.091551,multiProtocolGateway,stats,0,0,0,0,0
1579016463.169073,multiProtocolGateway,CustomDomainsApiRouter,0,0,0,0,0
1579016463.169073,multiProtocolGateway,customDomains,548,551,541,554,501
1579016463.169073,multiProtocolGateway,deploySNIArtifacts,0,0,0,0,0
1579016463.169073,multiProtocolGateway,mbaas_uri_to_host,47,58,50,56,48
1579016463.169073,multiProtocolGateway,stats,0,0,0,0,0
1579016953.420184,multiProtocolGateway,CustomDomainsApiRouter,0,0,0,0,0
1579016953.420184,multiProtocolGateway,customDomains,568,540,552,552,501
1579016953.420184,multiProtocolGateway,deploySNIArtifacts,0,0,0,0,0
1579016953.420184,multiProtocolGateway,mbaas_uri_to_host,69,50,63,56,48
1579016953.420184,multiProtocolGateway,stats,0,0,0,0,0
1579017063.48306,multiProtocolGateway,CustomDomainsApiRouter,0,0,0,0,0
1579017063.48306,multiProtocolGateway,customDomains,562,545,553,552,501
1579017063.48306,multiProtocolGateway,deploySNIArtifacts,0,0,0,0,0
1579017063.48306,multiProtocolGateway,mbaas_uri_to_host,33,54,63,56,48
1579017063.48306,multiProtocolGateway,stats,0,0,0,0,0
1579017553.731068,multiProtocolGateway,CustomDomainsApiRouter,0,0,0,0,0
1579017553.731068,multiProtocolGateway,customDomains,586,543,542,550,501
1579017553.731068,multiProtocolGateway,deploySNIArtifacts,0,0,0,0,0
1579017553.731068,multiProtocolGateway,mbaas_uri_to_host,74,55,53,55,48
1579017553.731068,multiProtocolGateway,stats,0,0,0,0,0
1579017663.815523,multiProtocolGateway,CustomDomainsApiRouter,0,0,0,0,0
1579017663.815523,multiProtocolGateway,customDomains,576,546,541,550,501
1579017663.815523,multiProtocolGateway,deploySNIArtifacts,0,0,0,0,0
1579017663.815523,multiProtocolGateway,mbaas_uri_to_host,67,59,54,55,48
1579017663.815523,multiProtocolGateway,stats,0,0,0,0,0
1579018154.052805,multiProtocolGateway,CustomDomainsApiRouter,0,0,0,0,0
1579018154.052805,multiProtocolGateway,customDomains,561,514,539,548,501
1579018154.052805,multiProtocolGateway,deploySNIArtifacts,0,0,0,0,0
1579018154.052805,multiProtocolGateway,mbaas_uri_to_host,74,55,55,55,48
1579018154.052805,multiProtocolGateway,stats,0,0,0,0,0
1579018264.134453,multiProtocolGateway,CustomDomainsApiRouter,0,0,0,0,0
1579018264.134453,multiProtocolGateway,customDomains,579,548,537,548,501
1579018264.134453,multiProtocolGateway,deploySNIArtifacts,0,0,0,0,0
1579018264.134453,multiProtocolGateway,mbaas_uri_to_host,53,58,55,55,48
1579018264.134453,multiProtocolGateway,stats,0,0,0,0,0
1579018754.386052,multiProtocolGateway,CustomDomainsApiRouter,0,0,0,0,0
1579018754.386052,multiProtocolGateway,customDomains,570,530,539,545,501
1579018754.386052,multiProtocolGateway,deploySNIArtifacts,0,0,0,0,0
1579018754.386052,multiProtocolGateway,mbaas_uri_to_host,66,49,65,56,48
1579018754.386052,multiProtocolGateway,stats,0,0,0,0,0
1579018864.456944,multiProtocolGateway,CustomDomainsApiRouter,0,0,0,0,0
1579018864.456944,multiProtocolGateway,customDomains,542,535,540,545,501
1579018864.456944,multiProtocolGateway,deploySNIArtifacts,0,0,0,0,0
1579018864.456944,multiProtocolGateway,mbaas_uri_to_host,34,51,64,56,48
1579018864.456944,multiProtocolGateway,stats,0,0,0,0,0
1579019354.758108,multiProtocolGateway,CustomDomainsApiRouter,0,0,0,0,0
1579019354.758108,multiProtocolGateway,customDomains,565,558,547,543,501
1579019354.758108,multiProtocolGateway,deploySNIArtifacts,0,0,0,0,0
1579019354.758108,multiProtocolGateway,mbaas_uri_to_host,55,51,52,56,48
1579019354.758108,multiProtocolGateway,stats,0,0,0,0,0
1579019464.775415,multiProtocolGateway,CustomDomainsApiRouter,0,0,0,0,0
1579019464.775415,multiProtocolGateway,customDomains,597,560,550,543,501
1579019464.775415,multiProtocolGateway,deploySNIArtifacts,0,0,0,0,0
1579019464.775415,multiProtocolGateway,mbaas_uri_to_host,39,54,52,56,48
1579019464.775415,multiProtocolGateway,stats,0,0,0,0,0
1579020065.096639,multiProtocolGateway,CustomDomainsApiRouter,0,0,0,0,0
1579020065.096639,multiProtocolGateway,customDomains,595,568,557,546,500
1579020065.096639,multiProtocolGateway,deploySNIArtifacts,0,0,0,0,0
1579020065.096639,multiProtocolGateway,mbaas_uri_to_host,47,59,53,57,48
1579020065.096639,multiProtocolGateway,stats,0,0,0,0,0
1579020665.427231,multiProtocolGateway,CustomDomainsApiRouter,0,0,0,0,0
1579020665.427231,multiProtocolGateway,customDomains,584,548,559,548,500
1579020665.427231,multiProtocolGateway,deploySNIArtifacts,0,0,0,0,0
1579020665.427231,multiProtocolGateway,mbaas_uri_to_host,47,58,64,57,48
1579020665.427231,multiProtocolGateway,stats,0,0,0,0,0
1579021265.748296,multiProtocolGateway,CustomDomainsApiRouter,0,0,0,0,0
1579021265.748296,multiProtocolGateway,customDomains,551,531,540,548,500
1579021265.748296,multiProtocolGateway,deploySNIArtifacts,0,0,0,0,0
1579021265.748296,multiProtocolGateway,mbaas_uri_to_host,46,50,52,57,48
1579021265.748296,multiProtocolGateway,stats,0,0,0,0,0
1579021866.084197,multiProtocolGateway,CustomDomainsApiRouter,0,0,0,0,0
1579021866.084197,multiProtocolGateway,customDomains,555,529,529,546,500
1579021866.084197,multiProtocolGateway,deploySNIArtifacts,0,0,0,0,0
1579021866.084197,multiProtocolGateway,mbaas_uri_to_host,43,47,53,57,48
1579021866.084197,multiProtocolGateway,stats,0,0,0,0,0
1579022466.413991,multiProtocolGateway,CustomDomainsApiRouter,0,0,0,0,0
1579022466.413991,multiProtocolGateway,customDomains,535,523,527,545,500
1579022466.413991,multiProtocolGateway,deploySNIArtifacts,0,0,0,0,0
1579022466.413991,multiProtocolGateway,mbaas_uri_to_host,40,51,60,56,48
1579022466.413991,multiProtocolGateway,stats,0,0,0,0,0
1579023066.7283,multiProtocolGateway,CustomDomainsApiRouter,0,0,0,0,0
1579023066.7283,multiProtocolGateway,customDomains,508,510,520,541,500
1579023066.7283,multiProtocolGateway,deploySNIArtifacts,0,0,0,0,0
1579023066.7283,multiProtocolGateway,mbaas_uri_to_host,42,49,47,55,48
1579023066.7283,multiProtocolGateway,stats,0,0,0,0,0
1579023667.058536,multiProtocolGateway,CustomDomainsApiRouter,0,0,0,0,0
1579023667.058536,multiProtocolGateway,customDomains,497,494,496,533,499
1579023667.058536,multiProtocolGateway,deploySNIArtifacts,0,0,0,0,0
1579023667.058536,multiProtocolGateway,mbaas_uri_to_host,39,46,49,55,48
1579023667.058536,multiProtocolGateway,stats,0,0,0,0,0
1579024267.395259,multiProtocolGateway,CustomDomainsApiRouter,0,0,0,0,0
1579024267.395259,multiProtocolGateway,customDomains,495,483,478,521,499
1579024267.395259,multiProtocolGateway,deploySNIArtifacts,0,0,0,0,0
1579024267.395259,multiProtocolGateway,mbaas_uri_to_host,38,48,58,54,48
1579024267.395259,multiProtocolGateway,stats,0,0,0,0,0
1579024867.692828,multiProtocolGateway,CustomDomainsApiRouter,0,0,0,0,0
1579024867.692828,multiProtocolGateway,customDomains,461,440,462,508,499
1579024867.692828,multiProtocolGateway,deploySNIArtifacts,0,0,0,0,0
1579024867.692828,multiProtocolGateway,mbaas_uri_to_host,42,50,48,53,48
1579024867.692828,multiProtocolGateway,stats,0,0,0,0,0
1579025468.026329,multiProtocolGateway,CustomDomainsApiRouter,0,0,0,0,0
1579025468.026329,multiProtocolGateway,customDomains,476,446,459,497,499
1579025468.026329,multiProtocolGateway,deploySNIArtifacts,0,0,0,0,0
1579025468.026329,multiProtocolGateway,mbaas_uri_to_host,84,51,48,52,48
1579025468.026329,multiProtocolGateway,stats,0,0,0,0,0
1579026068.334979,multiProtocolGateway,CustomDomainsApiRouter,0,0,0,0,0
1579026068.334979,multiProtocolGateway,customDomains,485,452,443,483,499
1579026068.334979,multiProtocolGateway,deploySNIArtifacts,0,0,0,0,0
1579026068.334979,multiProtocolGateway,mbaas_uri_to_host,62,47,59,52,48
1579026068.334979,multiProtocolGateway,stats,0,0,0,0,0
1579026668.66588,multiProtocolGateway,CustomDomainsApiRouter,0,0,0,0,0
1579026668.66588,multiProtocolGateway,customDomains,457,415,439,471,499
1579026668.66588,multiProtocolGateway,deploySNIArtifacts,0,0,0,0,0
1579026668.66588,multiProtocolGateway,mbaas_uri_to_host,55,42,46,51,48
1579026668.66588,multiProtocolGateway,stats,0,0,0,0,0
1579027268.990892,multiProtocolGateway,CustomDomainsApiRouter,0,0,0,0,0
1579027268.990892,multiProtocolGateway,customDomains,458,446,425,456,497
1579027268.990892,multiProtocolGateway,deploySNIArtifacts,0,0,0,0,0
1579027268.990892,multiProtocolGateway,mbaas_uri_to_host,58,46,44,51,49
1579027268.990892,multiProtocolGateway,stats,0,0,0,0,0
1579027869.325317,multiProtocolGateway,CustomDomainsApiRouter,0,0,0,0,0
1579027869.325317,multiProtocolGateway,customDomains,430,403,424,448,497
1579027869.325317,multiProtocolGateway,deploySNIArtifacts,0,0,0,0,0
1579027869.325317,multiProtocolGateway,mbaas_uri_to_host,72,50,55,50,49
1579027869.325317,multiProtocolGateway,stats,0,0,0,0,0
1579028469.645561,multiProtocolGateway,CustomDomainsApiRouter,0,0,0,0,0
1579028469.645561,multiProtocolGateway,customDomains,433,399,402,436,497
1579028469.645561,multiProtocolGateway,deploySNIArtifacts,0,0,0,0,0
1579028469.645561,multiProtocolGateway,mbaas_uri_to_host,70,44,45,50,49
1579028469.645561,multiProtocolGateway,stats,0,0,0,0,0
1579029069.959739,multiProtocolGateway,CustomDomainsApiRouter,0,0,0,0,0
1579029069.959739,multiProtocolGateway,customDomains,406,385,395,426,497
1579029069.959739,multiProtocolGateway,deploySNIArtifacts,0,0,0,0,0
1579029069.959739,multiProtocolGateway,mbaas_uri_to_host,76,48,47,50,49
1579029069.959739,multiProtocolGateway,stats,0,0,0,0,0
1579029670.269674,multiProtocolGateway,CustomDomainsApiRouter,0,0,0,0,0
1579029670.269674,multiProtocolGateway,customDomains,408,393,392,417,497
1579029670.269674,multiProtocolGateway,deploySNIArtifacts,0,0,0,0,0
1579029670.269674,multiProtocolGateway,mbaas_uri_to_host,63,45,55,49,49
1579029670.269674,multiProtocolGateway,stats,0,0,0,0,0
1579030270.591651,multiProtocolGateway,CustomDomainsApiRouter,0,0,0,0,0
1579030270.591651,multiProtocolGateway,customDomains,398,391,389,409,497
1579030270.591651,multiProtocolGateway,deploySNIArtifacts,0,0,0,0,0
1579030270.591651,multiProtocolGateway,mbaas_uri_to_host,56,47,45,49,49
1579030270.591651,multiProtocolGateway,stats,0,0,0,0,0
1579030870.914106,multiProtocolGateway,CustomDomainsApiRouter,0,0,0,0,0
1579030870.914106,multiProtocolGateway,customDomains,432,400,392,403,496
1579030870.914106,multiProtocolGateway,deploySNIArtifacts,0,0,0,0,0
1579030870.914106,multiProtocolGateway,mbaas_uri_to_host,65,45,45,49,49
1579030870.914106,multiProtocolGateway,stats,0,0,0,0,0
1579031471.247312,multiProtocolGateway,CustomDomainsApiRouter,0,0,0,0,0
1579031471.247312,multiProtocolGateway,customDomains,424,389,374,395,496
1579031471.247312,multiProtocolGateway,deploySNIArtifacts,0,0,0,0,0
1579031471.247312,multiProtocolGateway,mbaas_uri_to_host,72,49,55,49,49
1579031471.247312,multiProtocolGateway,stats,0,0,0,0,0
1579032071.553614,multiProtocolGateway,CustomDomainsApiRouter,0,0,0,0,0
1579032071.553614,multiProtocolGateway,customDomains,413,360,370,389,496
1579032071.553614,multiProtocolGateway,deploySNIArtifacts,0,0,0,0,0
1579032071.553614,multiProtocolGateway,mbaas_uri_to_host,83,48,51,49,49
1579032071.553614,multiProtocolGateway,stats,0,0,0,0,0
1579032671.861585,multiProtocolGateway,CustomDomainsApiRouter,0,0,0,0,0
1579032671.861585,multiProtocolGateway,customDomains,383,356,346,381,496
1579032671.861585,multiProtocolGateway,deploySNIArtifacts,0,0,0,0,0
1579032671.861585,multiProtocolGateway,mbaas_uri_to_host,74,57,54,50,49
1579032671.861585,multiProtocolGateway,stats,0,0,0,0,0
1579033272.328272,multiProtocolGateway,CustomDomainsApiRouter,0,0,0,0,0
1579033272.328272,multiProtocolGateway,customDomains,391,357,346,373,496
1579033272.328272,multiProtocolGateway,deploySNIArtifacts,0,0,0,0,0
1579033272.328272,multiProtocolGateway,mbaas_uri_to_host,71,52,60,51,49
1579033272.328272,multiProtocolGateway,stats,0,0,0,0,0
1579033872.653936,multiProtocolGateway,CustomDomainsApiRouter,0,0,0,0,0
1579033872.653936,multiProtocolGateway,customDomains,372,336,335,366,496
1579033872.653936,multiProtocolGateway,deploySNIArtifacts,0,0,0,0,0
1579033872.653936,multiProtocolGateway,mbaas_uri_to_host,65,46,48,52,49
1579033872.653936,multiProtocolGateway,stats,0,0,0,0,0
1579034472.956156,multiProtocolGateway,CustomDomainsApiRouter,0,0,0,0,0
1579034472.956156,multiProtocolGateway,customDomains,358,332,336,356,496
1579034472.956156,multiProtocolGateway,deploySNIArtifacts,0,0,0,0,0
1579034472.956156,multiProtocolGateway,mbaas_uri_to_host,68,50,49,52,49
1579034472.956156,multiProtocolGateway,stats,0,0,0,0,0
1579035073.256606,multiProtocolGateway,CustomDomainsApiRouter,0,0,0,0,0
1579035073.256606,multiProtocolGateway,customDomains,383,344,340,347,496
1579035073.256606,multiProtocolGateway,deploySNIArtifacts,0,0,0,0,0
1579035073.256606,multiProtocolGateway,mbaas_uri_to_host,70,51,61,53,49
1579035073.256606,multiProtocolGateway,stats,0,0,0,0,0
1579035673.548795,multiProtocolGateway,CustomDomainsApiRouter,0,0,0,0,0
1579035673.548795,multiProtocolGateway,customDomains,342,322,337,343,496
1579035673.548795,multiProtocolGateway,deploySNIArtifacts,0,0,0,0,0
1579035673.548795,multiProtocolGateway,mbaas_uri_to_host,62,48,52,54,49
1579035673.548795,multiProtocolGateway,stats,0,0,0,0,0
1579036273.855533,multiProtocolGateway,CustomDomainsApiRouter,0,0,0,0,0
1579036273.855533,multiProtocolGateway,customDomains,340,314,330,339,496
1579036273.855533,multiProtocolGateway,deploySNIArtifacts,0,0,0,0,0
1579036273.855533,multiProtocolGateway,mbaas_uri_to_host,68,44,51,54,49
1579036273.855533,multiProtocolGateway,stats,0,0,0,0,0
1579036874.195282,multiProtocolGateway,CustomDomainsApiRouter,0,0,0,0,0
1579036874.195282,multiProtocolGateway,customDomains,358,309,313,335,496
1579036874.195282,multiProtocolGateway,deploySNIArtifacts,0,0,0,0,0
1579036874.195282,multiProtocolGateway,mbaas_uri_to_host,69,52,58,53,49
1579036874.195282,multiProtocolGateway,stats,0,0,0,0,0
1579037474.532868,multiProtocolGateway,CustomDomainsApiRouter,0,0,0,0,0
1579037474.532868,multiProtocolGateway,customDomains,337,304,312,329,496
1579037474.532868,multiProtocolGateway,deploySNIArtifacts,0,0,0,0,0
1579037474.532868,multiProtocolGateway,mbaas_uri_to_host,82,45,49,53,49
1579037474.532868,multiProtocolGateway,stats,0,0,0,0,0
1579038074.843677,multiProtocolGateway,CustomDomainsApiRouter,0,0,0,0,0
1579038074.843677,multiProtocolGateway,customDomains,332,283,296,325,496
1579038074.843677,multiProtocolGateway,deploySNIArtifacts,0,0,0,0,0
1579038074.843677,multiProtocolGateway,mbaas_uri_to_host,66,53,51,54,49
1579038074.843677,multiProtocolGateway,stats,0,0,0,0,0
1579038675.162755,multiProtocolGateway,CustomDomainsApiRouter,0,0,0,0,0
1579038675.162755,multiProtocolGateway,customDomains,324,277,286,318,496
1579038675.162755,multiProtocolGateway,deploySNIArtifacts,0,0,0,0,0
1579038675.162755,multiProtocolGateway,mbaas_uri_to_host,67,48,60,54,49
1579038675.162755,multiProtocolGateway,stats,0,0,0,0,0
1579039275.474514,multiProtocolGateway,CustomDomainsApiRouter,0,0,0,0,0
1579039275.474514,multiProtocolGateway,customDomains,295,257,267,306,496
1579039275.474514,multiProtocolGateway,deploySNIArtifacts,0,0,0,0,0
1579039275.474514,multiProtocolGateway,mbaas_uri_to_host,59,47,49,53,49
1579039275.474514,multiProtocolGateway,stats,0,0,0,0,0
1579039875.801281,multiProtocolGateway,CustomDomainsApiRouter,0,0,0,0,0
1579039875.801281,multiProtocolGateway,customDomains,224,261,264,295,496
1579039875.801281,multiProtocolGateway,deploySNIArtifacts,0,0,0,0,0
1579039875.801281,multiProtocolGateway,mbaas_uri_to_host,48,55,56,53,49
1579039875.801281,multiProtocolGateway,stats,0,0,0,0,0
1579040476.095115,multiProtocolGateway,CustomDomainsApiRouter,0,0,0,0,0
1579040476.095115,multiProtocolGateway,customDomains,274,255,256,285,496
1579040476.095115,multiProtocolGateway,deploySNIArtifacts,0,0,0,0,0
1579040476.095115,multiProtocolGateway,mbaas_uri_to_host,67,50,59,54,49
1579040476.095115,multiProtocolGateway,stats,0,0,0,0,0
1579041076.427805,multiProtocolGateway,CustomDomainsApiRouter,0,0,0,0,0
1579041076.427805,multiProtocolGateway,customDomains,308,263,247,275,496
1579041076.427805,multiProtocolGateway,deploySNIArtifacts,0,0,0,0,0
1579041076.427805,multiProtocolGateway,mbaas_uri_to_host,70,46,47,54,49
1579041076.427805,multiProtocolGateway,stats,0,0,0,0,0
1579041676.759363,multiProtocolGateway,CustomDomainsApiRouter,0,0,0,0,0
1579041676.759363,multiProtocolGateway,customDomains,275,233,239,265,494
1579041676.759363,multiProtocolGateway,deploySNIArtifacts,0,0,0,0,0
1579041676.759363,multiProtocolGateway,mbaas_uri_to_host,70,44,44,53,49
1579041676.759363,multiProtocolGateway,stats,0,0,0,0,0
1579042277.05845,multiProtocolGateway,CustomDomainsApiRouter,0,0,0,0,0
1579042277.05845,multiProtocolGateway,customDomains,239,217,237,256,494
1579042277.05845,multiProtocolGateway,deploySNIArtifacts,0,0,0,0,0
1579042277.05845,multiProtocolGateway,mbaas_uri_to_host,59,46,55,52,49
1579042277.05845,multiProtocolGateway,stats,0,0,0,0,0
1579042877.391708,multiProtocolGateway,CustomDomainsApiRouter,0,0,0,0,0
1579042877.391708,multiProtocolGateway,customDomains,274,230,210,247,494
1579042877.391708,multiProtocolGateway,deploySNIArtifacts,0,0,0,0,0
1579042877.391708,multiProtocolGateway,mbaas_uri_to_host,60,46,45,51,49
1579042877.391708,multiProtocolGateway,stats,0,0,0,0,0
1579043477.698873,multiProtocolGateway,CustomDomainsApiRouter,0,0,0,0,0
1579043477.698873,multiProtocolGateway,customDomains,187,214,227,240,494
1579043477.698873,multiProtocolGateway,deploySNIArtifacts,0,0,0,0,0
1579043477.698873,multiProtocolGateway,mbaas_uri_to_host,63,45,46,51,49
1579043477.698873,multiProtocolGateway,stats,0,0,0,0,0
1579044078.027812,multiProtocolGateway,CustomDomainsApiRouter,0,0,0,0,0
1579044078.027812,multiProtocolGateway,customDomains,225,229,214,232,494
1579044078.027812,multiProtocolGateway,deploySNIArtifacts,0,0,0,0,0
1579044078.027812,multiProtocolGateway,mbaas_uri_to_host,53,45,58,49,49
1579044078.027812,multiProtocolGateway,stats,0,0,0,0,0
1579044680.17502,multiProtocolGateway,CustomDomainsApiRouter,0,0,0,0,0
1579044680.17502,multiProtocolGateway,customDomains,177,175,210,228,494
1579044680.17502,multiProtocolGateway,deploySNIArtifacts,0,0,0,0,0
1579044680.17502,multiProtocolGateway,mbaas_uri_to_host,49,42,43,49,49
1579044680.17502,multiProtocolGateway,stats,0,0,0,0,0
1579045280.587063,multiProtocolGateway,CustomDomainsApiRouter,0,0,0,0,0
1579045280.587063,multiProtocolGateway,customDomains,153,164,181,217,488
1579045280.587063,multiProtocolGateway,deploySNIArtifacts,0,0,0,0,0
1579045280.587063,multiProtocolGateway,mbaas_uri_to_host,50,40,45,49,49
1579045280.587063,multiProtocolGateway,stats,0,0,0,0,0
1579045880.920729,multiProtocolGateway,CustomDomainsApiRouter,0,0,0,0,0
1579045880.920729,multiProtocolGateway,customDomains,171,179,175,207,488
1579045880.920729,multiProtocolGateway,deploySNIArtifacts,0,0,0,0,0
1579045880.920729,multiProtocolGateway,mbaas_uri_to_host,58,43,54,49,49
1579045880.920729,multiProtocolGateway,stats,0,0,0,0,0
1579046481.221608,multiProtocolGateway,CustomDomainsApiRouter,0,0,0,0,0
1579046481.221608,multiProtocolGateway,customDomains,149,168,178,200,488
1579046481.221608,multiProtocolGateway,deploySNIArtifacts,0,0,0,0,0
1579046481.221608,multiProtocolGateway,mbaas_uri_to_host,57,40,46,48,49
1579046481.221608,multiProtocolGateway,stats,0,0,0,0,0
1579047081.548787,multiProtocolGateway,CustomDomainsApiRouter,0,0,0,0,0
1579047081.548787,multiProtocolGateway,customDomains,141,153,159,192,488
1579047081.548787,multiProtocolGateway,deploySNIArtifacts,0,0,0,0,0
1579047081.548787,multiProtocolGateway,mbaas_uri_to_host,68,50,46,48,49
1579047081.548787,multiProtocolGateway,stats,0,0,0,0,0
1579047681.870874,multiProtocolGateway,CustomDomainsApiRouter,0,0,0,0,0
1579047681.870874,multiProtocolGateway,customDomains,118,142,146,181,488
1579047681.870874,multiProtocolGateway,deploySNIArtifacts,0,0,0,0,0
1579047681.870874,multiProtocolGateway,mbaas_uri_to_host,73,47,53,49,49
1579047681.870874,multiProtocolGateway,stats,0,0,0,0,0
1579048282.197873,multiProtocolGateway,CustomDomainsApiRouter,0,0,0,0,0
1579048282.197873,multiProtocolGateway,customDomains,125,138,137,167,488
1579048282.197873,multiProtocolGateway,deploySNIArtifacts,0,0,0,0,0
1579048282.197873,multiProtocolGateway,mbaas_uri_to_host,46,44,44,48,49
1579048282.197873,multiProtocolGateway,stats,0,0,0,0,0
1579048882.518055,multiProtocolGateway,CustomDomainsApiRouter,0,0,0,0,0
1579048882.518055,multiProtocolGateway,customDomains,121,125,127,158,484
1579048882.518055,multiProtocolGateway,deploySNIArtifacts,0,0,0,0,0
1579048882.518055,multiProtocolGateway,mbaas_uri_to_host,85,48,47,48,49
1579048882.518055,multiProtocolGateway,stats,0,0,0,0,0
1579049482.875782,multiProtocolGateway,CustomDomainsApiRouter,0,0,0,0,0
1579049482.875782,multiProtocolGateway,customDomains,116,117,120,150,484
1579049482.875782,multiProtocolGateway,deploySNIArtifacts,0,0,0,0,0
1579049482.875782,multiProtocolGateway,mbaas_uri_to_host,58,48,61,49,49
1579049482.875782,multiProtocolGateway,stats,0,0,0,0,0
1579050083.211445,multiProtocolGateway,CustomDomainsApiRouter,0,0,0,0,0
1579050083.211445,multiProtocolGateway,customDomains,108,115,114,139,484
1579050083.211445,multiProtocolGateway,deploySNIArtifacts,0,0,0,0,0
1579050083.211445,multiProtocolGateway,mbaas_uri_to_host,72,50,49,50,49
1579050083.211445,multiProtocolGateway,stats,0,0,0,0,0
1579050683.611535,multiProtocolGateway,CustomDomainsApiRouter,0,0,0,0,0
1579050683.611535,multiProtocolGateway,customDomains,194,201,150,131,484
1579050683.611535,multiProtocolGateway,deploySNIArtifacts,0,0,0,0,0
1579050683.611535,multiProtocolGateway,mbaas_uri_to_host,69,57,50,51,49
1579050683.611535,multiProtocolGateway,stats,0,0,0,0,0
1579051283.92456,multiProtocolGateway,CustomDomainsApiRouter,0,0,0,0,0
1579051283.92456,multiProtocolGateway,customDomains,182,190,190,136,484
1579051283.92456,multiProtocolGateway,deploySNIArtifacts,0,0,0,0,0
1579051283.92456,multiProtocolGateway,mbaas_uri_to_host,55,44,61,51,49
1579051283.92456,multiProtocolGateway,stats,0,0,0,0,0
1579051884.231347,multiProtocolGateway,CustomDomainsApiRouter,0,0,0,0,0
1579051884.231347,multiProtocolGateway,customDomains,179,187,186,144,484
1579051884.231347,multiProtocolGateway,deploySNIArtifacts,0,0,0,0,0
1579051884.231347,multiProtocolGateway,mbaas_uri_to_host,80,45,47,52,49
1579051884.231347,multiProtocolGateway,stats,0,0,0,0,0
1579052484.537636,multiProtocolGateway,CustomDomainsApiRouter,0,0,0,0,0
1579052484.537636,multiProtocolGateway,customDomains,175,181,185,153,484
1579052484.537636,multiProtocolGateway,deploySNIArtifacts,0,0,0,0,0
1579052484.537636,multiProtocolGateway,mbaas_uri_to_host,63,45,49,53,50
1579052484.537636,multiProtocolGateway,stats,0,0,0,0,0
1579053084.858549,multiProtocolGateway,CustomDomainsApiRouter,0,0,0,0,0
1579053084.858549,multiProtocolGateway,customDomains,166,181,183,163,484
1579053084.858549,multiProtocolGateway,deploySNIArtifacts,0,0,0,0,0
1579053084.858549,multiProtocolGateway,mbaas_uri_to_host,72,47,60,53,50
1579053084.858549,multiProtocolGateway,stats,0,0,0,0,0
1579053685.230557,multiProtocolGateway,CustomDomainsApiRouter,0,0,0,0,0
1579053685.230557,multiProtocolGateway,customDomains,159,179,175,173,484
1579053685.230557,multiProtocolGateway,deploySNIArtifacts,0,0,0,0,0
1579053685.230557,multiProtocolGateway,mbaas_uri_to_host,47,41,49,53,50
1579053685.230557,multiProtocolGateway,stats,0,0,0,0,0
1579054285.536604,multiProtocolGateway,CustomDomainsApiRouter,0,0,0,0,0
1579054285.536604,multiProtocolGateway,customDomains,75,94,103,177,484
1579054285.536604,multiProtocolGateway,deploySNIArtifacts,0,0,0,0,0
1579054285.536604,multiProtocolGateway,mbaas_uri_to_host,58,47,48,52,50
1579054285.536604,multiProtocolGateway,stats,0,0,0,0,0
1579054885.851926,multiProtocolGateway,CustomDomainsApiRouter,0,0,0,0,0
1579054885.851926,multiProtocolGateway,customDomains,79,94,92,162,484
1579054885.851926,multiProtocolGateway,deploySNIArtifacts,0,0,0,0,0
1579054885.851926,multiProtocolGateway,mbaas_uri_to_host,65,55,61,52,50
1579054885.851926,multiProtocolGateway,stats,0,0,0,0,0
1579055486.172052,multiProtocolGateway,CustomDomainsApiRouter,0,0,0,0,0
1579055486.172052,multiProtocolGateway,customDomains,73,94,91,146,484
1579055486.172052,multiProtocolGateway,deploySNIArtifacts,0,0,0,0,0
1579055486.172052,multiProtocolGateway,mbaas_uri_to_host,64,49,49,53,50
1579055486.172052,multiProtocolGateway,stats,0,0,0,0,0
1579056086.521379,multiProtocolGateway,CustomDomainsApiRouter,0,0,0,0,0
1579056086.521379,multiProtocolGateway,customDomains,102,116,110,132,484
1579056086.521379,multiProtocolGateway,deploySNIArtifacts,0,0,0,0,0
1579056086.521379,multiProtocolGateway,mbaas_uri_to_host,67,54,44,52,50
1579056086.521379,multiProtocolGateway,stats,0,0,0,0,0
1579056686.851943,multiProtocolGateway,CustomDomainsApiRouter,0,0,0,0,0
1579056686.851943,multiProtocolGateway,customDomains,103,115,114,120,484
1579056686.851943,multiProtocolGateway,deploySNIArtifacts,0,0,0,0,0
1579056686.851943,multiProtocolGateway,mbaas_uri_to_host,51,53,65,52,50
1579056686.851943,multiProtocolGateway,stats,0,0,0,0,0
1579057287.208598,multiProtocolGateway,CustomDomainsApiRouter,0,0,0,0,0
1579057287.208598,multiProtocolGateway,customDomains,93,112,114,109,484
1579057287.208598,multiProtocolGateway,deploySNIArtifacts,0,0,0,0,0
1579057287.208598,multiProtocolGateway,mbaas_uri_to_host,52,51,51,53,50
1579057287.208598,multiProtocolGateway,stats,0,0,0,0,0
1579057887.543525,multiProtocolGateway,CustomDomainsApiRouter,0,0,0,0,0
1579057887.543525,multiProtocolGateway,customDomains,95,106,110,104,484
1579057887.543525,multiProtocolGateway,deploySNIArtifacts,0,0,0,0,0
1579057887.543525,multiProtocolGateway,mbaas_uri_to_host,81,63,53,54,50
1579057887.543525,multiProtocolGateway,stats,0,0,0,0,0
1579058487.869118,multiProtocolGateway,CustomDomainsApiRouter,0,0,0,0,0
1579058487.869118,multiProtocolGateway,customDomains,80,96,104,107,484
1579058487.869118,multiProtocolGateway,deploySNIArtifacts,0,0,0,0,0
1579058487.869118,multiProtocolGateway,mbaas_uri_to_host,101,57,63,54,50
1579058487.869118,multiProtocolGateway,stats,0,0,0,0,0
1579059088.215377,multiProtocolGateway,CustomDomainsApiRouter,0,0,0,0,0
1579059088.215377,multiProtocolGateway,customDomains,75,92,92,107,484
1579059088.215377,multiProtocolGateway,deploySNIArtifacts,0,0,0,0,0
1579059088.215377,multiProtocolGateway,mbaas_uri_to_host,64,46,52,55,50
1579059088.215377,multiProtocolGateway,stats,0,0,0,0,0
1579059688.58778,multiProtocolGateway,CustomDomainsApiRouter,0,0,0,0,0
1579059688.58778,multiProtocolGateway,customDomains,84,95,94,106,485
1579059688.58778,multiProtocolGateway,deploySNIArtifacts,0,0,0,0,0
1579059688.58778,multiProtocolGateway,mbaas_uri_to_host,47,40,47,56,50
1579059688.58778,multiProtocolGateway,stats,0,0,0,0,0
1579060288.904354,multiProtocolGateway,CustomDomainsApiRouter,0,0,0,0,0
1579060288.904354,multiProtocolGateway,customDomains,81,97,94,103,485
1579060288.904354,multiProtocolGateway,deploySNIArtifacts,0,0,0,0,0
1579060288.904354,multiProtocolGateway,mbaas_uri_to_host,65,42,57,55,50
1579060288.904354,multiProtocolGateway,stats,0,0,0,0,0
1579060889.22714,multiProtocolGateway,CustomDomainsApiRouter,0,0,0,0,0
1579060889.22714,multiProtocolGateway,customDomains,100,108,98,100,485
1579060889.22714,multiProtocolGateway,deploySNIArtifacts,0,0,0,0,0
1579060889.22714,multiProtocolGateway,mbaas_uri_to_host,55,51,46,54,50
1579060889.22714,multiProtocolGateway,stats,0,0,0,0,0
1579061489.572884,multiProtocolGateway,CustomDomainsApiRouter,0,0,0,0,0
1579061489.572884,multiProtocolGateway,customDomains,91,105,105,98,485
1579061489.572884,multiProtocolGateway,deploySNIArtifacts,0,0,0,0,0
1579061489.572884,multiProtocolGateway,mbaas_uri_to_host,50,59,53,53,50
1579061489.572884,multiProtocolGateway,stats,0,0,0,0,0
1579062089.872666,multiProtocolGateway,CustomDomainsApiRouter,0,0,0,0,0
1579062089.872666,multiProtocolGateway,customDomains,109,123,111,97,485
1579062089.872666,multiProtocolGateway,deploySNIArtifacts,0,0,0,0,0
1579062089.872666,multiProtocolGateway,mbaas_uri_to_host,37,53,64,53,50
1579062089.872666,multiProtocolGateway,stats,0,0,0,0,0
1579062690.203179,multiProtocolGateway,CustomDomainsApiRouter,0,0,0,0,0
1579062690.203179,multiProtocolGateway,customDomains,101,118,111,101,485
1579062690.203179,multiProtocolGateway,deploySNIArtifacts,0,0,0,0,0
1579062690.203179,multiProtocolGateway,mbaas_uri_to_host,32,51,53,53,50
1579062690.203179,multiProtocolGateway,stats,0,0,0,0,0
1579063290.525067,multiProtocolGateway,CustomDomainsApiRouter,0,0,0,0,0
1579063290.525067,multiProtocolGateway,customDomains,101,120,114,104,485
1579063290.525067,multiProtocolGateway,deploySNIArtifacts,0,0,0,0,0
1579063290.525067,multiProtocolGateway,mbaas_uri_to_host,41,51,51,54,51
1579063290.525067,multiProtocolGateway,stats,0,0,0,0,0
1579063890.831615,multiProtocolGateway,CustomDomainsApiRouter,0,0,0,0,0
1579063890.831615,multiProtocolGateway,customDomains,105,121,118,107,485
1579063890.831615,multiProtocolGateway,deploySNIArtifacts,0,0,0,0,0
1579063890.831615,multiProtocolGateway,mbaas_uri_to_host,41,53,63,54,51
1579063890.831615,multiProtocolGateway,stats,0,0,0,0,0
1579064491.154431,multiProtocolGateway,CustomDomainsApiRouter,0,0,0,0,0
1579064491.154431,multiProtocolGateway,customDomains,133,150,128,112,485
1579064491.154431,multiProtocolGateway,deploySNIArtifacts,0,0,0,0,0
1579064491.154431,multiProtocolGateway,mbaas_uri_to_host,56,51,51,55,51
1579064491.154431,multiProtocolGateway,stats,0,0,0,0,0
1579065091.487466,multiProtocolGateway,CustomDomainsApiRouter,0,0,0,0,0
1579065091.487466,multiProtocolGateway,customDomains,149,162,144,117,485
1579065091.487466,multiProtocolGateway,deploySNIArtifacts,0,0,0,0,0
1579065091.487466,multiProtocolGateway,mbaas_uri_to_host,66,60,54,56,51
1579065091.487466,multiProtocolGateway,stats,0,0,0,0,0
1579065691.810161,multiProtocolGateway,CustomDomainsApiRouter,0,0,0,0,0
1579065691.810161,multiProtocolGateway,customDomains,146,166,153,124,485
1579065691.810161,multiProtocolGateway,deploySNIArtifacts,0,0,0,0,0
1579065691.810161,multiProtocolGateway,mbaas_uri_to_host,44,55,63,56,51
1579065691.810161,multiProtocolGateway,stats,0,0,0,0,0
1579066292.160716,multiProtocolGateway,CustomDomainsApiRouter,0,0,0,0,0
1579066292.160716,multiProtocolGateway,customDomains,159,186,166,131,485
1579066292.160716,multiProtocolGateway,deploySNIArtifacts,0,0,0,0,0
1579066292.160716,multiProtocolGateway,mbaas_uri_to_host,32,48,47,56,51
1579066292.160716,multiProtocolGateway,stats,0,0,0,0,0
1579066892.467125,multiProtocolGateway,CustomDomainsApiRouter,0,0,0,0,0
1579066892.467125,multiProtocolGateway,customDomains,180,194,182,142,485
1579066892.467125,multiProtocolGateway,deploySNIArtifacts,0,0,0,0,0
1579066892.467125,multiProtocolGateway,mbaas_uri_to_host,33,51,49,55,51
1579066892.467125,multiProtocolGateway,stats,0,0,0,0,0
1579067492.775263,multiProtocolGateway,CustomDomainsApiRouter,0,0,0,0,0
1579067492.775263,multiProtocolGateway,customDomains,180,206,198,153,485
1579067492.775263,multiProtocolGateway,deploySNIArtifacts,0,0,0,0,0
1579067492.775263,multiProtocolGateway,mbaas_uri_to_host,48,47,61,54,51
1579067492.775263,multiProtocolGateway,stats,0,0,0,0,0
1579068093.098197,multiProtocolGateway,CustomDomainsApiRouter,0,0,0,0,0
1579068093.098197,multiProtocolGateway,customDomains,232,256,221,167,485
1579068093.098197,multiProtocolGateway,deploySNIArtifacts,0,0,0,0,0
1579068093.098197,multiProtocolGateway,mbaas_uri_to_host,35,45,50,54,51
1579068093.098197,multiProtocolGateway,stats,0,0,0,0,0
1579068693.428657,multiProtocolGateway,CustomDomainsApiRouter,0,0,0,0,0
1579068693.428657,multiProtocolGateway,customDomains,249,270,254,185,485
1579068693.428657,multiProtocolGateway,deploySNIArtifacts,0,0,0,0,0
1579068693.428657,multiProtocolGateway,mbaas_uri_to_host,47,54,51,54,51
1579068693.428657,multiProtocolGateway,stats,0,0,0,0,0
1579069293.74933,multiProtocolGateway,CustomDomainsApiRouter,0,0,0,0,0
1579069293.74933,multiProtocolGateway,customDomains,252,266,267,203,485
1579069293.74933,multiProtocolGateway,deploySNIArtifacts,0,0,0,0,0
1579069293.74933,multiProtocolGateway,mbaas_uri_to_host,34,48,60,53,51
1579069293.74933,multiProtocolGateway,stats,0,0,0,0,0
1579069894.0612,multiProtocolGateway,CustomDomainsApiRouter,0,0,0,0,0
1579069894.0612,multiProtocolGateway,customDomains,285,305,288,223,485
1579069894.0612,multiProtocolGateway,deploySNIArtifacts,0,0,0,0,0
1579069894.0612,multiProtocolGateway,mbaas_uri_to_host,33,46,43,53,51
1579069894.0612,multiProtocolGateway,stats,0,0,0,0,0
1579070494.380839,multiProtocolGateway,CustomDomainsApiRouter,0,0,0,0,0
1579070494.380839,multiProtocolGateway,customDomains,353,343,329,244,485
1579070494.380839,multiProtocolGateway,deploySNIArtifacts,0,0,0,0,0
1579070494.380839,multiProtocolGateway,mbaas_uri_to_host,36,45,44,52,52
1579070494.380839,multiProtocolGateway,stats,0,0,0,0,0
1579071094.714625,multiProtocolGateway,CustomDomainsApiRouter,0,0,0,0,0
1579071094.714625,multiProtocolGateway,customDomains,465,476,396,270,485
1579071094.714625,multiProtocolGateway,deploySNIArtifacts,0,0,0,0,0
1579071094.714625,multiProtocolGateway,mbaas_uri_to_host,37,42,55,51,52
1579071094.714625,multiProtocolGateway,stats,0,0,0,0,0
1579071695.039067,multiProtocolGateway,CustomDomainsApiRouter,0,0,0,0,0
1579071695.039067,multiProtocolGateway,customDomains,667,652,522,309,485
1579071695.039067,multiProtocolGateway,deploySNIArtifacts,0,0,0,0,0
1579071695.039067,multiProtocolGateway,mbaas_uri_to_host,56,46,45,50,52
1579071695.039067,multiProtocolGateway,stats,0,0,0,0,0
1579072295.381575,multiProtocolGateway,CustomDomainsApiRouter,0,0,0,0,0
1579072295.381575,multiProtocolGateway,customDomains,831,825,772,374,485
1579072295.381575,multiProtocolGateway,deploySNIArtifacts,0,0,0,0,0
1579072295.381575,multiProtocolGateway,mbaas_uri_to_host,68,52,51,50,52
1579072295.381575,multiProtocolGateway,stats,0,0,0,0,0
1579072895.720742,multiProtocolGateway,CustomDomainsApiRouter,0,0,0,0,0
1579072895.720742,multiProtocolGateway,customDomains,897,891,883,469,485
1579072895.720742,multiProtocolGateway,deploySNIArtifacts,0,0,0,0,0
1579072895.720742,multiProtocolGateway,mbaas_uri_to_host,60,48,59,49,52
1579072895.720742,multiProtocolGateway,stats,0,0,0,0,0
1579073496.069973,multiProtocolGateway,CustomDomainsApiRouter,0,0,0,0,0
1579073496.069973,multiProtocolGateway,customDomains,837,894,890,573,485
1579073496.069973,multiProtocolGateway,deploySNIArtifacts,0,0,0,0,0
1579073496.069973,multiProtocolGateway,mbaas_uri_to_host,38,47,48,50,52
1579073496.069973,multiProtocolGateway,stats,0,0,0,0,0
