TIME,dpStatusHTTPMeanTransactionTime2serviceClass,dpStatusHTTPMeanTransactionTime2proxy,dpStatusHTTPMeanTransactionTime2tenSeconds,dpStatusHTTPMeanTransactionTime2oneMinute,dpStatusHTTPMeanTransactionTime2tenMinutes,dpStatusHTTPMeanTransactionTime2oneHour,dpStatusHTTPMeanTransactionTime2oneDay
1579809404.853062,multiProtocolGateway,CustomDomainsApiRouter,0,0,0,0,241
1579809404.853062,multiProtocolGateway,customDomains,155,94,104,93,69
1579809404.853062,multiProtocolGateway,deploySNIArtifacts,0,0,0,0,0
1579809404.853062,multiProtocolGateway,mbaas_uri_to_host,101,108,112,144,199
1579809404.853062,multiProtocolGateway,stats,0,0,0,0,0
1579810005.312771,multiProtocolGateway,CustomDomainsApiRouter,0,0,0,0,241
1579810005.312771,multiProtocolGateway,customDomains,191,108,105,98,69
1579810005.312771,multiProtocolGateway,deploySNIArtifacts,0,0,0,0,0
1579810005.312771,multiProtocolGateway,mbaas_uri_to_host,82,102,107,142,199
1579810005.312771,multiProtocolGateway,stats,0,0,0,0,0
1579810605.775657,multiProtocolGateway,CustomDomainsApiRouter,0,0,0,0,241
1579810605.775657,multiProtocolGateway,customDomains,86,88,107,102,69
1579810605.775657,multiProtocolGateway,deploySNIArtifacts,0,0,0,0,0
1579810605.775657,multiProtocolGateway,mbaas_uri_to_host,99,82,114,143,199
1579810605.775657,multiProtocolGateway,stats,0,0,0,0,0
1579811206.303258,multiProtocolGateway,CustomDomainsApiRouter,0,0,0,0,241
1579811206.303258,multiProtocolGateway,customDomains,81,134,105,105,69
1579811206.303258,multiProtocolGateway,deploySNIArtifacts,0,0,0,0,0
1579811206.303258,multiProtocolGateway,mbaas_uri_to_host,113,148,103,142,199
1579811206.303258,multiProtocolGateway,stats,0,0,0,0,0
1579811806.787851,multiProtocolGateway,CustomDomainsApiRouter,0,0,0,0,241
1579811806.787851,multiProtocolGateway,customDomains,205,97,108,106,70
1579811806.787851,multiProtocolGateway,deploySNIArtifacts,0,0,0,0,0
1579811806.787851,multiProtocolGateway,mbaas_uri_to_host,97,95,200,134,199
1579811806.787851,multiProtocolGateway,stats,0,0,0,0,0
1579812407.283417,multiProtocolGateway,CustomDomainsApiRouter,0,0,0,0,241
1579812407.283417,multiProtocolGateway,customDomains,111,126,116,108,70
1579812407.283417,multiProtocolGateway,deploySNIArtifacts,0,0,0,0,0
1579812407.283417,multiProtocolGateway,mbaas_uri_to_host,129,118,119,132,199
1579812407.283417,multiProtocolGateway,stats,0,0,0,0,0
1579813007.758749,multiProtocolGateway,CustomDomainsApiRouter,0,0,0,0,241
1579813007.758749,multiProtocolGateway,customDomains,249,137,117,110,70
1579813007.758749,multiProtocolGateway,deploySNIArtifacts,0,0,0,0,0
1579813007.758749,multiProtocolGateway,mbaas_uri_to_host,56,88,110,131,199
1579813007.758749,multiProtocolGateway,stats,0,0,0,0,0
1579813608.247401,multiProtocolGateway,CustomDomainsApiRouter,0,0,0,0,241
1579813608.247401,multiProtocolGateway,customDomains,42,91,100,109,70
1579813608.247401,multiProtocolGateway,deploySNIArtifacts,0,0,0,0,0
1579813608.247401,multiProtocolGateway,mbaas_uri_to_host,135,133,130,134,199
1579813608.247401,multiProtocolGateway,stats,0,0,0,0,0
1579814208.776422,multiProtocolGateway,CustomDomainsApiRouter,0,0,0,0,241
1579814208.776422,multiProtocolGateway,customDomains,53,77,80,104,70
1579814208.776422,multiProtocolGateway,deploySNIArtifacts,0,0,0,0,0
1579814208.776422,multiProtocolGateway,mbaas_uri_to_host,118,90,110,132,199
1579814208.776422,multiProtocolGateway,stats,0,0,0,0,0
1579814809.259443,multiProtocolGateway,CustomDomainsApiRouter,0,0,0,0,241
1579814809.259443,multiProtocolGateway,customDomains,129,90,70,99,70
1579814809.259443,multiProtocolGateway,deploySNIArtifacts,0,0,0,0,0
1579814809.259443,multiProtocolGateway,mbaas_uri_to_host,94,100,108,132,199
1579814809.259443,multiProtocolGateway,stats,0,0,0,0,0
1579815411.14561,multiProtocolGateway,CustomDomainsApiRouter,0,0,0,0,241
1579815411.14561,multiProtocolGateway,customDomains,40,91,97,97,71
1579815411.14561,multiProtocolGateway,deploySNIArtifacts,0,0,0,0,0
1579815411.14561,multiProtocolGateway,mbaas_uri_to_host,126,94,216,136,200
1579815411.14561,multiProtocolGateway,stats,0,0,0,0,0
1579816011.606538,multiProtocolGateway,CustomDomainsApiRouter,0,0,0,0,241
1579816011.606538,multiProtocolGateway,customDomains,85,105,88,93,71
1579816011.606538,multiProtocolGateway,deploySNIArtifacts,0,0,0,0,0
1579816011.606538,multiProtocolGateway,mbaas_uri_to_host,88,151,118,136,200
1579816011.606538,multiProtocolGateway,stats,0,0,0,0,0
1579816612.065513,multiProtocolGateway,CustomDomainsApiRouter,0,0,0,0,241
1579816612.065513,multiProtocolGateway,customDomains,40,70,75,85,71
1579816612.065513,multiProtocolGateway,deploySNIArtifacts,0,0,0,0,0
1579816612.065513,multiProtocolGateway,mbaas_uri_to_host,87,105,105,136,200
1579816612.065513,multiProtocolGateway,stats,0,0,0,0,0
1579817212.53021,multiProtocolGateway,CustomDomainsApiRouter,0,0,0,0,241
1579817212.53021,multiProtocolGateway,customDomains,105,71,82,82,71
1579817212.53021,multiProtocolGateway,deploySNIArtifacts,0,0,0,0,0
1579817212.53021,multiProtocolGateway,mbaas_uri_to_host,94,83,115,133,200
1579817212.53021,multiProtocolGateway,stats,0,0,0,0,0
1579817813.039541,multiProtocolGateway,CustomDomainsApiRouter,0,0,0,0,241
1579817813.039541,multiProtocolGateway,customDomains,131,81,69,80,71
1579817813.039541,multiProtocolGateway,deploySNIArtifacts,0,0,0,0,0
1579817813.039541,multiProtocolGateway,mbaas_uri_to_host,65,105,101,132,200
1579817813.039541,multiProtocolGateway,stats,0,0,0,0,0
1579818413.516621,multiProtocolGateway,CustomDomainsApiRouter,0,0,0,0,241
1579818413.516621,multiProtocolGateway,customDomains,88,71,71,80,71
1579818413.516621,multiProtocolGateway,deploySNIArtifacts,0,0,0,0,0
1579818413.516621,multiProtocolGateway,mbaas_uri_to_host,132,109,84,128,200
1579818413.516621,multiProtocolGateway,stats,0,0,0,0,0
1579819014.010325,multiProtocolGateway,CustomDomainsApiRouter,0,0,0,0,241
1579819014.010325,multiProtocolGateway,customDomains,51,93,86,78,71
1579819014.010325,multiProtocolGateway,deploySNIArtifacts,0,0,0,0,0
1579819014.010325,multiProtocolGateway,mbaas_uri_to_host,100,104,245,133,200
1579819014.010325,multiProtocolGateway,stats,0,0,0,0,0
1579819614.478427,multiProtocolGateway,CustomDomainsApiRouter,0,0,0,0,241
1579819614.478427,multiProtocolGateway,customDomains,95,79,78,77,71
1579819614.478427,multiProtocolGateway,deploySNIArtifacts,0,0,0,0,0
1579819614.478427,multiProtocolGateway,mbaas_uri_to_host,90,167,113,133,200
1579819614.478427,multiProtocolGateway,stats,0,0,0,0,0
1579820214.9436,multiProtocolGateway,CustomDomainsApiRouter,0,0,0,0,241
1579820214.9436,multiProtocolGateway,customDomains,36,56,67,75,71
1579820214.9436,multiProtocolGateway,deploySNIArtifacts,0,0,0,0,0
1579820214.9436,multiProtocolGateway,mbaas_uri_to_host,83,99,97,133,200
1579820214.9436,multiProtocolGateway,stats,0,0,0,0,0
1579820815.427495,multiProtocolGateway,CustomDomainsApiRouter,0,0,0,0,241
1579820815.427495,multiProtocolGateway,customDomains,39,49,63,72,71
1579820815.427495,multiProtocolGateway,deploySNIArtifacts,0,0,0,0,0
1579820815.427495,multiProtocolGateway,mbaas_uri_to_host,95,82,112,133,200
1579820815.427495,multiProtocolGateway,stats,0,0,0,0,0
1579821415.958626,multiProtocolGateway,CustomDomainsApiRouter,0,0,0,0,241
1579821415.958626,multiProtocolGateway,customDomains,40,60,50,69,71
1579821415.958626,multiProtocolGateway,deploySNIArtifacts,0,0,0,0,0
1579821415.958626,multiProtocolGateway,mbaas_uri_to_host,91,133,111,136,200
1579821415.958626,multiProtocolGateway,stats,0,0,0,0,0
1579822016.414827,multiProtocolGateway,CustomDomainsApiRouter,0,0,0,0,241
1579822016.414827,multiProtocolGateway,customDomains,44,57,56,67,71
1579822016.414827,multiProtocolGateway,deploySNIArtifacts,0,0,0,0,0
1579822016.414827,multiProtocolGateway,mbaas_uri_to_host,137,179,98,141,200
1579822016.414827,multiProtocolGateway,stats,0,0,0,0,0
1579822616.878245,multiProtocolGateway,CustomDomainsApiRouter,0,0,0,0,241
1579822616.878245,multiProtocolGateway,customDomains,42,56,65,63,71
1579822616.878245,multiProtocolGateway,deploySNIArtifacts,0,0,0,0,0
1579822616.878245,multiProtocolGateway,mbaas_uri_to_host,81,83,191,126,199
1579822616.878245,multiProtocolGateway,stats,0,0,0,0,0
1579823217.368479,multiProtocolGateway,CustomDomainsApiRouter,0,0,0,0,241
1579823217.368479,multiProtocolGateway,customDomains,44,46,47,58,71
1579823217.368479,multiProtocolGateway,deploySNIArtifacts,0,0,0,0,0
1579823217.368479,multiProtocolGateway,mbaas_uri_to_host,92,100,110,126,199
1579823217.368479,multiProtocolGateway,stats,0,0,0,0,0
1579823817.844968,multiProtocolGateway,CustomDomainsApiRouter,0,0,0,0,241
1579823817.844968,multiProtocolGateway,customDomains,51,54,49,55,71
1579823817.844968,multiProtocolGateway,deploySNIArtifacts,0,0,0,0,0
1579823817.844968,multiProtocolGateway,mbaas_uri_to_host,145,126,122,130,199
1579823817.844968,multiProtocolGateway,stats,0,0,0,0,0
1579824418.340352,multiProtocolGateway,CustomDomainsApiRouter,0,0,0,0,241
1579824418.340352,multiProtocolGateway,customDomains,56,53,57,54,71
1579824418.340352,multiProtocolGateway,deploySNIArtifacts,0,0,0,0,0
1579824418.340352,multiProtocolGateway,mbaas_uri_to_host,105,86,113,130,199
1579824418.340352,multiProtocolGateway,stats,0,0,0,0,0
1579825018.827819,multiProtocolGateway,CustomDomainsApiRouter,0,0,0,0,241
1579825018.827819,multiProtocolGateway,customDomains,39,50,57,55,71
1579825018.827819,multiProtocolGateway,deploySNIArtifacts,0,0,0,0,0
1579825018.827819,multiProtocolGateway,mbaas_uri_to_host,84,105,107,129,199
1579825018.827819,multiProtocolGateway,stats,0,0,0,0,0
1579825619.316834,multiProtocolGateway,CustomDomainsApiRouter,0,0,0,0,241
1579825619.316834,multiProtocolGateway,customDomains,101,74,60,56,71
1579825619.316834,multiProtocolGateway,deploySNIArtifacts,0,0,0,0,0
1579825619.316834,multiProtocolGateway,mbaas_uri_to_host,105,103,103,130,199
1579825619.316834,multiProtocolGateway,stats,0,0,0,0,0
1579826219.793406,multiProtocolGateway,CustomDomainsApiRouter,0,0,0,0,241
1579826219.793406,multiProtocolGateway,customDomains,117,70,83,58,71
1579826219.793406,multiProtocolGateway,deploySNIArtifacts,0,0,0,0,0
1579826219.793406,multiProtocolGateway,mbaas_uri_to_host,86,93,190,130,199
1579826219.793406,multiProtocolGateway,stats,0,0,0,0,0
1579826820.284957,multiProtocolGateway,CustomDomainsApiRouter,0,0,0,0,241
1579826820.284957,multiProtocolGateway,customDomains,134,53,59,60,71
1579826820.284957,multiProtocolGateway,deploySNIArtifacts,0,0,0,0,0
1579826820.284957,multiProtocolGateway,mbaas_uri_to_host,85,138,122,132,199
1579826820.284957,multiProtocolGateway,stats,0,0,0,0,0
1579827420.89929,multiProtocolGateway,CustomDomainsApiRouter,0,0,0,0,241
1579827420.89929,multiProtocolGateway,customDomains,59,83,64,63,71
1579827420.89929,multiProtocolGateway,deploySNIArtifacts,0,0,0,0,0
1579827420.89929,multiProtocolGateway,mbaas_uri_to_host,103,127,104,129,199
1579827420.89929,multiProtocolGateway,stats,0,0,0,0,0
1579828021.395414,multiProtocolGateway,CustomDomainsApiRouter,0,0,0,0,241
1579828021.395414,multiProtocolGateway,customDomains,39,68,54,63,71
1579828021.395414,multiProtocolGateway,deploySNIArtifacts,0,0,0,0,0
1579828021.395414,multiProtocolGateway,mbaas_uri_to_host,108,201,110,129,199
1579828021.395414,multiProtocolGateway,stats,0,0,0,0,0
1579828621.87694,multiProtocolGateway,CustomDomainsApiRouter,0,0,0,0,241
1579828621.87694,multiProtocolGateway,customDomains,77,69,60,64,71
1579828621.87694,multiProtocolGateway,deploySNIArtifacts,0,0,0,0,0
1579828621.87694,multiProtocolGateway,mbaas_uri_to_host,108,159,110,129,199
1579828621.87694,multiProtocolGateway,stats,0,0,0,0,0
1579829222.320501,multiProtocolGateway,CustomDomainsApiRouter,0,0,0,0,241
1579829222.320501,multiProtocolGateway,customDomains,46,53,54,62,71
1579829222.320501,multiProtocolGateway,deploySNIArtifacts,0,0,0,0,0
1579829222.320501,multiProtocolGateway,mbaas_uri_to_host,122,118,113,131,199
1579829222.320501,multiProtocolGateway,stats,0,0,0,0,0
1579829822.795077,multiProtocolGateway,CustomDomainsApiRouter,0,0,0,0,241
1579829822.795077,multiProtocolGateway,customDomains,97,61,66,60,71
1579829822.795077,multiProtocolGateway,deploySNIArtifacts,0,0,0,0,0
1579829822.795077,multiProtocolGateway,mbaas_uri_to_host,91,92,199,133,199
1579829822.795077,multiProtocolGateway,stats,0,0,0,0,0
1579830423.296924,multiProtocolGateway,CustomDomainsApiRouter,0,0,0,0,241
1579830423.296924,multiProtocolGateway,customDomains,45,44,55,59,71
1579830423.296924,multiProtocolGateway,deploySNIArtifacts,0,0,0,0,0
1579830423.296924,multiProtocolGateway,mbaas_uri_to_host,82,98,103,130,199
1579830423.296924,multiProtocolGateway,stats,0,0,0,0,0
1579831023.805418,multiProtocolGateway,CustomDomainsApiRouter,0,0,0,0,241
1579831023.805418,multiProtocolGateway,customDomains,40,40,50,56,71
1579831023.805418,multiProtocolGateway,deploySNIArtifacts,0,0,0,0,0
1579831023.805418,multiProtocolGateway,mbaas_uri_to_host,116,95,90,129,199
1579831023.805418,multiProtocolGateway,stats,0,0,0,0,0
1579831624.288144,multiProtocolGateway,CustomDomainsApiRouter,0,0,0,0,241
1579831624.288144,multiProtocolGateway,customDomains,43,51,46,55,71
1579831624.288144,multiProtocolGateway,deploySNIArtifacts,0,0,0,0,0
1579831624.288144,multiProtocolGateway,mbaas_uri_to_host,101,112,105,128,199
1579831624.288144,multiProtocolGateway,stats,0,0,0,0,0
1579832224.753409,multiProtocolGateway,CustomDomainsApiRouter,0,0,0,0,241
1579832224.753409,multiProtocolGateway,customDomains,37,62,55,54,71
1579832224.753409,multiProtocolGateway,deploySNIArtifacts,0,0,0,0,0
1579832224.753409,multiProtocolGateway,mbaas_uri_to_host,70,104,120,129,199
1579832224.753409,multiProtocolGateway,stats,0,0,0,0,0
1579832825.212579,multiProtocolGateway,CustomDomainsApiRouter,0,0,0,0,241
1579832825.212579,multiProtocolGateway,customDomains,41,44,50,54,71
1579832825.212579,multiProtocolGateway,deploySNIArtifacts,0,0,0,0,0
1579832825.212579,multiProtocolGateway,mbaas_uri_to_host,124,109,116,129,199
1579832825.212579,multiProtocolGateway,stats,0,0,0,0,0
1579833425.649473,multiProtocolGateway,CustomDomainsApiRouter,0,0,0,0,241
1579833425.649473,multiProtocolGateway,customDomains,40,58,75,54,71
1579833425.649473,multiProtocolGateway,deploySNIArtifacts,0,0,0,0,0
1579833425.649473,multiProtocolGateway,mbaas_uri_to_host,151,103,226,136,199
1579833425.649473,multiProtocolGateway,stats,0,0,0,0,0
1579834026.163972,multiProtocolGateway,CustomDomainsApiRouter,0,0,0,0,241
1579834026.163972,multiProtocolGateway,customDomains,32,39,44,52,71
1579834026.163972,multiProtocolGateway,deploySNIArtifacts,0,0,0,0,0
1579834026.163972,multiProtocolGateway,mbaas_uri_to_host,121,133,117,138,199
1579834026.163972,multiProtocolGateway,stats,0,0,0,0,0
1579834626.685942,multiProtocolGateway,CustomDomainsApiRouter,0,0,0,0,241
1579834626.685942,multiProtocolGateway,customDomains,50,51,45,52,71
1579834626.685942,multiProtocolGateway,deploySNIArtifacts,0,0,0,0,0
1579834626.685942,multiProtocolGateway,mbaas_uri_to_host,154,116,109,140,199
1579834626.685942,multiProtocolGateway,stats,0,0,0,0,0
1579835227.160101,multiProtocolGateway,CustomDomainsApiRouter,0,0,0,0,241
1579835227.160101,multiProtocolGateway,customDomains,81,49,42,52,71
1579835227.160101,multiProtocolGateway,deploySNIArtifacts,0,0,0,0,0
1579835227.160101,multiProtocolGateway,mbaas_uri_to_host,123,103,128,143,199
1579835227.160101,multiProtocolGateway,stats,0,0,0,0,0
1579835827.650374,multiProtocolGateway,CustomDomainsApiRouter,0,0,0,0,241
1579835827.650374,multiProtocolGateway,customDomains,27,59,48,50,71
1579835827.650374,multiProtocolGateway,deploySNIArtifacts,0,0,0,0,0
1579835827.650374,multiProtocolGateway,mbaas_uri_to_host,130,114,115,141,199
1579835827.650374,multiProtocolGateway,stats,0,0,0,0,0
1579836428.12204,multiProtocolGateway,CustomDomainsApiRouter,0,0,0,0,241
1579836428.12204,multiProtocolGateway,customDomains,32,59,54,51,71
1579836428.12204,multiProtocolGateway,deploySNIArtifacts,0,0,0,0,0
1579836428.12204,multiProtocolGateway,mbaas_uri_to_host,127,103,109,140,199
1579836428.12204,multiProtocolGateway,stats,0,0,0,0,0
1579837028.591201,multiProtocolGateway,CustomDomainsApiRouter,0,0,0,0,241
1579837028.591201,multiProtocolGateway,customDomains,23,47,62,49,71
1579837028.591201,multiProtocolGateway,deploySNIArtifacts,0,0,0,0,0
1579837028.591201,multiProtocolGateway,mbaas_uri_to_host,115,134,194,133,198
1579837028.591201,multiProtocolGateway,stats,0,0,0,0,0
1579837629.067513,multiProtocolGateway,CustomDomainsApiRouter,0,0,0,0,241
1579837629.067513,multiProtocolGateway,customDomains,60,51,47,49,71
1579837629.067513,multiProtocolGateway,deploySNIArtifacts,0,0,0,0,0
1579837629.067513,multiProtocolGateway,mbaas_uri_to_host,129,117,120,133,198
1579837629.067513,multiProtocolGateway,stats,0,0,0,0,0
1579838229.561307,multiProtocolGateway,CustomDomainsApiRouter,0,0,0,0,241
1579838229.561307,multiProtocolGateway,customDomains,47,62,44,49,71
1579838229.561307,multiProtocolGateway,deploySNIArtifacts,0,0,0,0,0
1579838229.561307,multiProtocolGateway,mbaas_uri_to_host,183,137,110,134,198
1579838229.561307,multiProtocolGateway,stats,0,0,0,0,0
1579838830.078653,multiProtocolGateway,CustomDomainsApiRouter,0,0,0,0,241
1579838830.078653,multiProtocolGateway,customDomains,31,43,53,51,71
1579838830.078653,multiProtocolGateway,deploySNIArtifacts,0,0,0,0,0
1579838830.078653,multiProtocolGateway,mbaas_uri_to_host,109,104,114,132,198
1579838830.078653,multiProtocolGateway,stats,0,0,0,0,0
1579839430.577556,multiProtocolGateway,CustomDomainsApiRouter,0,0,0,0,241
1579839430.577556,multiProtocolGateway,customDomains,26,45,49,51,71
1579839430.577556,multiProtocolGateway,deploySNIArtifacts,0,0,0,0,0
1579839430.577556,multiProtocolGateway,mbaas_uri_to_host,84,91,102,130,198
1579839430.577556,multiProtocolGateway,stats,0,0,0,0,0
1579840031.067196,multiProtocolGateway,CustomDomainsApiRouter,0,0,0,0,241
1579840031.067196,multiProtocolGateway,customDomains,40,57,43,49,71
1579840031.067196,multiProtocolGateway,deploySNIArtifacts,0,0,0,0,0
1579840031.067196,multiProtocolGateway,mbaas_uri_to_host,105,115,97,129,198
1579840031.067196,multiProtocolGateway,stats,0,0,0,0,0
1579840631.555195,multiProtocolGateway,CustomDomainsApiRouter,0,0,0,0,241
1579840631.555195,multiProtocolGateway,customDomains,32,42,67,51,71
1579840631.555195,multiProtocolGateway,deploySNIArtifacts,0,0,0,0,0
1579840631.555195,multiProtocolGateway,mbaas_uri_to_host,88,87,206,131,197
1579840631.555195,multiProtocolGateway,stats,0,0,0,0,0
1579841232.036782,multiProtocolGateway,CustomDomainsApiRouter,0,0,0,0,241
1579841232.036782,multiProtocolGateway,customDomains,35,51,44,50,71
1579841232.036782,multiProtocolGateway,deploySNIArtifacts,0,0,0,0,0
1579841232.036782,multiProtocolGateway,mbaas_uri_to_host,95,97,122,132,197
1579841232.036782,multiProtocolGateway,stats,0,0,0,0,0
1579841832.499852,multiProtocolGateway,CustomDomainsApiRouter,0,0,0,0,241
1579841832.499852,multiProtocolGateway,customDomains,39,38,42,49,71
1579841832.499852,multiProtocolGateway,deploySNIArtifacts,0,0,0,0,0
1579841832.499852,multiProtocolGateway,mbaas_uri_to_host,74,112,104,131,197
1579841832.499852,multiProtocolGateway,stats,0,0,0,0,0
1579842432.994789,multiProtocolGateway,CustomDomainsApiRouter,0,0,0,0,241
1579842432.994789,multiProtocolGateway,customDomains,32,64,233,85,71
1579842432.994789,multiProtocolGateway,deploySNIArtifacts,0,0,0,0,0
1579842432.994789,multiProtocolGateway,mbaas_uri_to_host,246,122,115,131,197
1579842432.994789,multiProtocolGateway,stats,0,0,0,0,0
1579843033.455238,multiProtocolGateway,CustomDomainsApiRouter,0,0,0,0,241
1579843033.455238,multiProtocolGateway,customDomains,35,56,284,131,71
1579843033.455238,multiProtocolGateway,deploySNIArtifacts,0,0,0,0,0
1579843033.455238,multiProtocolGateway,mbaas_uri_to_host,113,124,127,135,197
1579843033.455238,multiProtocolGateway,stats,0,0,0,0,0
1579843633.939247,multiProtocolGateway,CustomDomainsApiRouter,0,0,0,0,241
1579843633.939247,multiProtocolGateway,customDomains,27,51,46,127,71
1579843633.939247,multiProtocolGateway,deploySNIArtifacts,0,0,0,0,0
1579843633.939247,multiProtocolGateway,mbaas_uri_to_host,73,121,117,137,197
1579843633.939247,multiProtocolGateway,stats,0,0,0,0,0
1579844234.423941,multiProtocolGateway,CustomDomainsApiRouter,0,0,0,0,241
1579844234.423941,multiProtocolGateway,customDomains,35,42,52,120,72
1579844234.423941,multiProtocolGateway,deploySNIArtifacts,0,0,0,0,0
1579844234.423941,multiProtocolGateway,mbaas_uri_to_host,129,118,210,139,197
1579844234.423941,multiProtocolGateway,stats,0,0,0,0,0
1579844834.912118,multiProtocolGateway,CustomDomainsApiRouter,0,0,0,0,241
1579844834.912118,multiProtocolGateway,customDomains,37,39,54,117,72
1579844834.912118,multiProtocolGateway,deploySNIArtifacts,0,0,0,0,0
1579844834.912118,multiProtocolGateway,mbaas_uri_to_host,95,102,123,138,197
1579844834.912118,multiProtocolGateway,stats,0,0,0,0,0
1579845435.381873,multiProtocolGateway,CustomDomainsApiRouter,0,0,0,0,241
1579845435.381873,multiProtocolGateway,customDomains,38,43,44,112,72
1579845435.381873,multiProtocolGateway,deploySNIArtifacts,0,0,0,0,0
1579845435.381873,multiProtocolGateway,mbaas_uri_to_host,101,122,110,139,197
1579845435.381873,multiProtocolGateway,stats,0,0,0,0,0
1579846035.863842,multiProtocolGateway,CustomDomainsApiRouter,0,0,0,0,241
1579846035.863842,multiProtocolGateway,customDomains,71,44,43,81,72
1579846035.863842,multiProtocolGateway,deploySNIArtifacts,0,0,0,0,0
1579846035.863842,multiProtocolGateway,mbaas_uri_to_host,144,98,112,139,197
1579846035.863842,multiProtocolGateway,stats,0,0,0,0,0
1579846636.365986,multiProtocolGateway,CustomDomainsApiRouter,0,0,0,0,241
1579846636.365986,multiProtocolGateway,customDomains,30,40,47,47,72
1579846636.365986,multiProtocolGateway,deploySNIArtifacts,0,0,0,0,0
1579846636.365986,multiProtocolGateway,mbaas_uri_to_host,68,115,113,137,197
1579846636.365986,multiProtocolGateway,stats,0,0,0,0,0
1579847236.825457,multiProtocolGateway,CustomDomainsApiRouter,0,0,0,0,241
1579847236.825457,multiProtocolGateway,customDomains,36,51,46,47,72
1579847236.825457,multiProtocolGateway,deploySNIArtifacts,0,0,0,0,0
1579847236.825457,multiProtocolGateway,mbaas_uri_to_host,83,84,106,136,197
1579847236.825457,multiProtocolGateway,stats,0,0,0,0,0
1579847837.302284,multiProtocolGateway,CustomDomainsApiRouter,0,0,0,0,241
1579847837.302284,multiProtocolGateway,customDomains,78,47,55,49,71
1579847837.302284,multiProtocolGateway,deploySNIArtifacts,0,0,0,0,0
1579847837.302284,multiProtocolGateway,mbaas_uri_to_host,63,82,227,138,187
1579847837.302284,multiProtocolGateway,stats,0,0,0,0,0
1579848437.818985,multiProtocolGateway,CustomDomainsApiRouter,0,0,0,0,241
1579848437.818985,multiProtocolGateway,customDomains,63,44,42,47,71
1579848437.818985,multiProtocolGateway,deploySNIArtifacts,0,0,0,0,0
1579848437.818985,multiProtocolGateway,mbaas_uri_to_host,112,111,105,135,187
1579848437.818985,multiProtocolGateway,stats,0,0,0,0,0
1579849038.321758,multiProtocolGateway,CustomDomainsApiRouter,0,0,0,0,241
1579849038.321758,multiProtocolGateway,customDomains,33,39,42,46,71
1579849038.321758,multiProtocolGateway,deploySNIArtifacts,0,0,0,0,0
1579849038.321758,multiProtocolGateway,mbaas_uri_to_host,94,96,94,133,187
1579849038.321758,multiProtocolGateway,stats,0,0,0,0,0
1579849638.941987,multiProtocolGateway,CustomDomainsApiRouter,0,0,0,0,241
1579849638.941987,multiProtocolGateway,customDomains,33,35,40,45,71
1579849638.941987,multiProtocolGateway,deploySNIArtifacts,0,0,0,0,0
1579849638.941987,multiProtocolGateway,mbaas_uri_to_host,98,105,96,131,187
1579849638.941987,multiProtocolGateway,stats,0,0,0,0,0
1579850239.42794,multiProtocolGateway,CustomDomainsApiRouter,0,0,0,0,241
1579850239.42794,multiProtocolGateway,customDomains,47,48,43,44,71
1579850239.42794,multiProtocolGateway,deploySNIArtifacts,0,0,0,0,0
1579850239.42794,multiProtocolGateway,mbaas_uri_to_host,85,100,96,128,187
1579850239.42794,multiProtocolGateway,stats,0,0,0,0,0
1579850839.943685,multiProtocolGateway,CustomDomainsApiRouter,0,0,0,0,241
1579850839.943685,multiProtocolGateway,customDomains,38,44,47,44,71
1579850839.943685,multiProtocolGateway,deploySNIArtifacts,0,0,0,0,0
1579850839.943685,multiProtocolGateway,mbaas_uri_to_host,112,113,99,127,187
1579850839.943685,multiProtocolGateway,stats,0,0,0,0,0
1579851440.530667,multiProtocolGateway,CustomDomainsApiRouter,0,0,0,0,241
1579851440.530667,multiProtocolGateway,customDomains,36,47,48,44,69
1579851440.530667,multiProtocolGateway,deploySNIArtifacts,0,0,0,0,0
1579851440.530667,multiProtocolGateway,mbaas_uri_to_host,77,81,148,111,165
1579851440.530667,multiProtocolGateway,stats,0,0,0,0,0
1579852041.03554,multiProtocolGateway,CustomDomainsApiRouter,0,0,0,0,241
1579852041.03554,multiProtocolGateway,customDomains,61,45,48,45,69
1579852041.03554,multiProtocolGateway,deploySNIArtifacts,0,0,0,0,0
1579852041.03554,multiProtocolGateway,mbaas_uri_to_host,93,99,98,110,165
1579852041.03554,multiProtocolGateway,stats,0,0,0,0,0
1579852641.544878,multiProtocolGateway,CustomDomainsApiRouter,0,0,0,0,241
1579852641.544878,multiProtocolGateway,customDomains,40,45,50,46,69
1579852641.544878,multiProtocolGateway,deploySNIArtifacts,0,0,0,0,0
1579852641.544878,multiProtocolGateway,mbaas_uri_to_host,94,126,106,111,165
1579852641.544878,multiProtocolGateway,stats,0,0,0,0,0
1579853242.035369,multiProtocolGateway,CustomDomainsApiRouter,0,0,0,0,241
1579853242.035369,multiProtocolGateway,customDomains,53,48,50,48,69
1579853242.035369,multiProtocolGateway,deploySNIArtifacts,0,0,0,0,0
1579853242.035369,multiProtocolGateway,mbaas_uri_to_host,129,102,109,113,165
1579853242.035369,multiProtocolGateway,stats,0,0,0,0,0
1579853842.555447,multiProtocolGateway,CustomDomainsApiRouter,0,0,0,0,241
1579853842.555447,multiProtocolGateway,customDomains,50,49,51,49,69
1579853842.555447,multiProtocolGateway,deploySNIArtifacts,0,0,0,0,0
1579853842.555447,multiProtocolGateway,mbaas_uri_to_host,118,103,99,113,165
1579853842.555447,multiProtocolGateway,stats,0,0,0,0,0
1579854443.101715,multiProtocolGateway,CustomDomainsApiRouter,0,0,0,0,241
1579854443.101715,multiProtocolGateway,customDomains,60,57,53,50,69
1579854443.101715,multiProtocolGateway,deploySNIArtifacts,0,0,0,0,0
1579854443.101715,multiProtocolGateway,mbaas_uri_to_host,618,232,103,114,165
1579854443.101715,multiProtocolGateway,stats,0,0,0,0,0
1579855043.706533,multiProtocolGateway,CustomDomainsApiRouter,0,0,0,0,241
1579855043.706533,multiProtocolGateway,customDomains,45,61,69,54,68
1579855043.706533,multiProtocolGateway,deploySNIArtifacts,0,0,0,0,0
1579855043.706533,multiProtocolGateway,mbaas_uri_to_host,80,96,165,118,158
1579855043.706533,multiProtocolGateway,stats,0,0,0,0,0
1579855644.238644,multiProtocolGateway,CustomDomainsApiRouter,0,0,0,0,241
1579855644.238644,multiProtocolGateway,customDomains,40,47,58,55,68
1579855644.238644,multiProtocolGateway,deploySNIArtifacts,0,0,0,0,0
1579855644.238644,multiProtocolGateway,mbaas_uri_to_host,91,92,102,118,158
1579855644.238644,multiProtocolGateway,stats,0,0,0,0,0
1579856244.730096,multiProtocolGateway,CustomDomainsApiRouter,0,0,0,0,241
1579856244.730096,multiProtocolGateway,customDomains,57,71,61,57,68
1579856244.730096,multiProtocolGateway,deploySNIArtifacts,0,0,0,0,0
1579856244.730096,multiProtocolGateway,mbaas_uri_to_host,92,96,100,118,158
1579856244.730096,multiProtocolGateway,stats,0,0,0,0,0
1579856845.234277,multiProtocolGateway,CustomDomainsApiRouter,0,0,0,0,241
1579856845.234277,multiProtocolGateway,customDomains,48,70,70,60,68
1579856845.234277,multiProtocolGateway,deploySNIArtifacts,0,0,0,0,0
1579856845.234277,multiProtocolGateway,mbaas_uri_to_host,81,97,123,120,158
1579856845.234277,multiProtocolGateway,stats,0,0,0,0,0
1579857445.786847,multiProtocolGateway,CustomDomainsApiRouter,0,0,0,0,241
1579857445.786847,multiProtocolGateway,customDomains,76,64,66,63,68
1579857445.786847,multiProtocolGateway,deploySNIArtifacts,0,0,0,0,0
1579857445.786847,multiProtocolGateway,mbaas_uri_to_host,104,123,109,121,158
1579857445.786847,multiProtocolGateway,stats,0,0,0,0,0
1579858046.347159,multiProtocolGateway,CustomDomainsApiRouter,0,0,0,0,241
1579858046.347159,multiProtocolGateway,customDomains,41,57,63,64,68
1579858046.347159,multiProtocolGateway,deploySNIArtifacts,0,0,0,0,0
1579858046.347159,multiProtocolGateway,mbaas_uri_to_host,72,96,100,121,158
1579858046.347159,multiProtocolGateway,stats,0,0,0,0,0
1579858646.842821,multiProtocolGateway,CustomDomainsApiRouter,0,0,0,0,241
1579858646.842821,multiProtocolGateway,customDomains,58,62,65,64,68
1579858646.842821,multiProtocolGateway,deploySNIArtifacts,0,0,0,0,0
1579858646.842821,multiProtocolGateway,mbaas_uri_to_host,86,114,166,121,157
1579858646.842821,multiProtocolGateway,stats,0,0,0,0,0
1579859247.403875,multiProtocolGateway,CustomDomainsApiRouter,0,0,0,0,241
1579859247.403875,multiProtocolGateway,customDomains,59,66,64,65,68
1579859247.403875,multiProtocolGateway,deploySNIArtifacts,0,0,0,0,0
1579859247.403875,multiProtocolGateway,mbaas_uri_to_host,114,103,106,121,157
1579859247.403875,multiProtocolGateway,stats,0,0,0,0,0
1579859847.905029,multiProtocolGateway,CustomDomainsApiRouter,0,0,0,0,241
1579859847.905029,multiProtocolGateway,customDomains,41,63,70,66,68
1579859847.905029,multiProtocolGateway,deploySNIArtifacts,0,0,0,0,0
1579859847.905029,multiProtocolGateway,mbaas_uri_to_host,76,99,94,120,157
1579859847.905029,multiProtocolGateway,stats,0,0,0,0,0
1579860449.251603,multiProtocolGateway,CustomDomainsApiRouter,0,0,0,0,241
1579860449.251603,multiProtocolGateway,customDomains,79,70,69,66,68
1579860449.251603,multiProtocolGateway,deploySNIArtifacts,0,0,0,0,0
1579860449.251603,multiProtocolGateway,mbaas_uri_to_host,75,103,107,118,157
1579860449.251603,multiProtocolGateway,stats,0,0,0,0,0
1579861049.769142,multiProtocolGateway,CustomDomainsApiRouter,0,0,0,0,241
1579861049.769142,multiProtocolGateway,customDomains,72,59,65,66,68
1579861049.769142,multiProtocolGateway,deploySNIArtifacts,0,0,0,0,0
1579861049.769142,multiProtocolGateway,mbaas_uri_to_host,90,85,103,117,157
1579861049.769142,multiProtocolGateway,stats,0,0,0,0,0
1579861650.254676,multiProtocolGateway,CustomDomainsApiRouter,0,0,0,0,241
1579861650.254676,multiProtocolGateway,customDomains,78,73,77,68,68
1579861650.254676,multiProtocolGateway,deploySNIArtifacts,0,0,0,0,0
1579861650.254676,multiProtocolGateway,mbaas_uri_to_host,75,125,89,115,157
1579861650.254676,multiProtocolGateway,stats,0,0,0,0,0
1579862250.738367,multiProtocolGateway,CustomDomainsApiRouter,0,0,0,0,241
1579862250.738367,multiProtocolGateway,customDomains,54,61,66,68,68
1579862250.738367,multiProtocolGateway,deploySNIArtifacts,0,0,0,0,0
1579862250.738367,multiProtocolGateway,mbaas_uri_to_host,134,99,167,115,155
1579862250.738367,multiProtocolGateway,stats,0,0,0,0,0
1579862851.220748,multiProtocolGateway,CustomDomainsApiRouter,0,0,0,0,241
1579862851.220748,multiProtocolGateway,customDomains,44,69,63,68,68
1579862851.220748,multiProtocolGateway,deploySNIArtifacts,0,0,0,0,0
1579862851.220748,multiProtocolGateway,mbaas_uri_to_host,159,186,110,116,155
1579862851.220748,multiProtocolGateway,stats,0,0,0,0,0
1579863451.810591,multiProtocolGateway,CustomDomainsApiRouter,0,0,0,0,241
1579863451.810591,multiProtocolGateway,customDomains,86,61,61,67,68
1579863451.810591,multiProtocolGateway,deploySNIArtifacts,0,0,0,0,0
1579863451.810591,multiProtocolGateway,mbaas_uri_to_host,115,144,114,119,155
1579863451.810591,multiProtocolGateway,stats,0,0,0,0,0
1579864052.317338,multiProtocolGateway,CustomDomainsApiRouter,0,0,0,0,241
1579864052.317338,multiProtocolGateway,customDomains,44,61,63,66,68
1579864052.317338,multiProtocolGateway,deploySNIArtifacts,0,0,0,0,0
1579864052.317338,multiProtocolGateway,mbaas_uri_to_host,164,130,112,120,155
1579864052.317338,multiProtocolGateway,stats,0,0,0,0,0
1579864652.900253,multiProtocolGateway,CustomDomainsApiRouter,0,0,0,0,241
1579864652.900253,multiProtocolGateway,customDomains,43,57,62,65,68
1579864652.900253,multiProtocolGateway,deploySNIArtifacts,0,0,0,0,0
1579864652.900253,multiProtocolGateway,mbaas_uri_to_host,141,117,127,123,155
1579864652.900253,multiProtocolGateway,stats,0,0,0,0,0
1579865253.413017,multiProtocolGateway,CustomDomainsApiRouter,0,0,0,0,241
1579865253.413017,multiProtocolGateway,customDomains,61,56,62,63,68
1579865253.413017,multiProtocolGateway,deploySNIArtifacts,0,0,0,0,0
1579865253.413017,multiProtocolGateway,mbaas_uri_to_host,118,117,105,125,155
1579865253.413017,multiProtocolGateway,stats,0,0,0,0,0
1579865853.96245,multiProtocolGateway,CustomDomainsApiRouter,0,0,0,0,241
1579865853.96245,multiProtocolGateway,customDomains,82,62,60,62,68
1579865853.96245,multiProtocolGateway,deploySNIArtifacts,0,0,0,0,0
1579865853.96245,multiProtocolGateway,mbaas_uri_to_host,119,97,176,128,154
1579865853.96245,multiProtocolGateway,stats,0,0,0,0,0
1579866454.514952,multiProtocolGateway,CustomDomainsApiRouter,0,0,0,0,241
1579866454.514952,multiProtocolGateway,customDomains,54,61,63,62,68
1579866454.514952,multiProtocolGateway,deploySNIArtifacts,0,0,0,0,0
1579866454.514952,multiProtocolGateway,mbaas_uri_to_host,73,89,113,128,154
1579866454.514952,multiProtocolGateway,stats,0,0,0,0,0
1579867056.885308,multiProtocolGateway,CustomDomainsApiRouter,0,0,0,0,241
1579867056.885308,multiProtocolGateway,customDomains,42,52,60,62,68
1579867056.885308,multiProtocolGateway,deploySNIArtifacts,0,0,0,0,0
1579867056.885308,multiProtocolGateway,mbaas_uri_to_host,89,90,98,126,154
1579867056.885308,multiProtocolGateway,stats,0,0,0,0,0
1579867657.480108,multiProtocolGateway,CustomDomainsApiRouter,0,0,0,0,241
1579867657.480108,multiProtocolGateway,customDomains,50,53,63,62,68
1579867657.480108,multiProtocolGateway,deploySNIArtifacts,0,0,0,0,0
1579867657.480108,multiProtocolGateway,mbaas_uri_to_host,87,93,111,126,154
1579867657.480108,multiProtocolGateway,stats,0,0,0,0,0
1579868257.967289,multiProtocolGateway,CustomDomainsApiRouter,0,0,0,0,241
1579868257.967289,multiProtocolGateway,customDomains,49,64,59,61,68
1579868257.967289,multiProtocolGateway,deploySNIArtifacts,0,0,0,0,0
1579868257.967289,multiProtocolGateway,mbaas_uri_to_host,110,84,98,122,154
1579868257.967289,multiProtocolGateway,stats,0,0,0,0,0
1579868858.503515,multiProtocolGateway,CustomDomainsApiRouter,0,0,0,0,241
1579868858.503515,multiProtocolGateway,customDomains,62,60,61,61,68
1579868858.503515,multiProtocolGateway,deploySNIArtifacts,0,0,0,0,0
1579868858.503515,multiProtocolGateway,mbaas_uri_to_host,111,115,98,121,154
1579868858.503515,multiProtocolGateway,stats,0,0,0,0,0
1579869458.996118,multiProtocolGateway,CustomDomainsApiRouter,0,0,0,0,241
1579869458.996118,multiProtocolGateway,customDomains,53,56,61,61,67
1579869458.996118,multiProtocolGateway,deploySNIArtifacts,0,0,0,0,0
1579869458.996118,multiProtocolGateway,mbaas_uri_to_host,86,89,155,116,152
1579869458.996118,multiProtocolGateway,stats,0,0,0,0,0
1579870059.532533,multiProtocolGateway,CustomDomainsApiRouter,0,0,0,0,241
1579870059.532533,multiProtocolGateway,customDomains,74,54,65,62,67
1579870059.532533,multiProtocolGateway,deploySNIArtifacts,0,0,0,0,0
1579870059.532533,multiProtocolGateway,mbaas_uri_to_host,131,98,109,115,152
1579870059.532533,multiProtocolGateway,stats,0,0,0,0,0
1579870660.022503,multiProtocolGateway,CustomDomainsApiRouter,0,0,0,0,241
1579870660.022503,multiProtocolGateway,customDomains,71,74,68,63,67
1579870660.022503,multiProtocolGateway,deploySNIArtifacts,0,0,0,0,0
1579870660.022503,multiProtocolGateway,mbaas_uri_to_host,138,117,115,117,152
1579870660.022503,multiProtocolGateway,stats,0,0,0,0,0
1579871260.53708,multiProtocolGateway,CustomDomainsApiRouter,0,0,0,0,241
1579871260.53708,multiProtocolGateway,customDomains,53,56,67,63,67
1579871260.53708,multiProtocolGateway,deploySNIArtifacts,0,0,0,0,0
1579871260.53708,multiProtocolGateway,mbaas_uri_to_host,80,86,131,121,152
1579871260.53708,multiProtocolGateway,stats,0,0,0,0,0
1579871861.024616,multiProtocolGateway,CustomDomainsApiRouter,0,0,0,0,241
1579871861.024616,multiProtocolGateway,customDomains,75,60,60,64,67
1579871861.024616,multiProtocolGateway,deploySNIArtifacts,0,0,0,0,0
1579871861.024616,multiProtocolGateway,mbaas_uri_to_host,113,96,97,120,152
1579871861.024616,multiProtocolGateway,stats,0,0,0,0,0
1579872461.538041,multiProtocolGateway,CustomDomainsApiRouter,0,0,0,0,241
1579872461.538041,multiProtocolGateway,customDomains,65,56,61,64,67
1579872461.538041,multiProtocolGateway,deploySNIArtifacts,0,0,0,0,0
1579872461.538041,multiProtocolGateway,mbaas_uri_to_host,124,110,107,122,152
1579872461.538041,multiProtocolGateway,stats,0,0,0,0,0
1579873062.020988,multiProtocolGateway,CustomDomainsApiRouter,0,0,0,0,0
1579873062.020988,multiProtocolGateway,customDomains,39,56,66,64,67
1579873062.020988,multiProtocolGateway,deploySNIArtifacts,0,0,0,0,0
1579873062.020988,multiProtocolGateway,mbaas_uri_to_host,90,99,227,139,152
1579873062.020988,multiProtocolGateway,stats,0,0,0,0,0
1579873662.545865,multiProtocolGateway,CustomDomainsApiRouter,0,0,0,0,0
1579873662.545865,multiProtocolGateway,customDomains,76,75,61,64,67
1579873662.545865,multiProtocolGateway,deploySNIArtifacts,0,0,0,0,0
1579873662.545865,multiProtocolGateway,mbaas_uri_to_host,110,117,119,140,152
1579873662.545865,multiProtocolGateway,stats,0,0,0,0,0
1579874263.011939,multiProtocolGateway,CustomDomainsApiRouter,0,0,0,0,0
1579874263.011939,multiProtocolGateway,customDomains,41,56,63,63,67
1579874263.011939,multiProtocolGateway,deploySNIArtifacts,0,0,0,0,0
1579874263.011939,multiProtocolGateway,mbaas_uri_to_host,147,171,115,140,152
1579874263.011939,multiProtocolGateway,stats,0,0,0,0,0
1579874863.479016,multiProtocolGateway,CustomDomainsApiRouter,0,0,0,0,0
1579874863.479016,multiProtocolGateway,customDomains,52,74,70,63,67
1579874863.479016,multiProtocolGateway,deploySNIArtifacts,0,0,0,0,0
1579874863.479016,multiProtocolGateway,mbaas_uri_to_host,92,146,135,140,152
1579874863.479016,multiProtocolGateway,stats,0,0,0,0,0
1579875463.969943,multiProtocolGateway,CustomDomainsApiRouter,0,0,0,0,0
1579875463.969943,multiProtocolGateway,customDomains,35,69,75,65,67
1579875463.969943,multiProtocolGateway,deploySNIArtifacts,0,0,0,0,0
1579875463.969943,multiProtocolGateway,mbaas_uri_to_host,138,153,124,144,152
1579875463.969943,multiProtocolGateway,stats,0,0,0,0,0
1579876064.463668,multiProtocolGateway,CustomDomainsApiRouter,0,0,0,0,0
1579876064.463668,multiProtocolGateway,customDomains,36,70,69,67,67
1579876064.463668,multiProtocolGateway,deploySNIArtifacts,0,0,0,0,0
1579876064.463668,multiProtocolGateway,mbaas_uri_to_host,132,96,113,146,152
1579876064.463668,multiProtocolGateway,stats,0,0,0,0,0
1579876664.940518,multiProtocolGateway,CustomDomainsApiRouter,0,0,0,0,0
1579876664.940518,multiProtocolGateway,customDomains,61,57,75,68,66
1579876664.940518,multiProtocolGateway,deploySNIArtifacts,0,0,0,0,0
1579876664.940518,multiProtocolGateway,mbaas_uri_to_host,142,106,233,147,132
1579876664.940518,multiProtocolGateway,stats,0,0,0,0,0
1579877265.443711,multiProtocolGateway,CustomDomainsApiRouter,0,0,0,0,0
1579877265.443711,multiProtocolGateway,customDomains,85,79,75,71,66
1579877265.443711,multiProtocolGateway,deploySNIArtifacts,0,0,0,0,0
1579877265.443711,multiProtocolGateway,mbaas_uri_to_host,126,109,136,149,132
1579877265.443711,multiProtocolGateway,stats,0,0,0,0,0
1579877866.029412,multiProtocolGateway,CustomDomainsApiRouter,0,0,0,0,0
1579877866.029412,multiProtocolGateway,customDomains,82,83,73,72,66
1579877866.029412,multiProtocolGateway,deploySNIArtifacts,0,0,0,0,0
1579877866.029412,multiProtocolGateway,mbaas_uri_to_host,117,136,115,150,132
1579877866.029412,multiProtocolGateway,stats,0,0,0,0,0
1579878466.499867,multiProtocolGateway,CustomDomainsApiRouter,0,0,0,0,0
1579878466.499867,multiProtocolGateway,customDomains,109,68,77,74,66
1579878466.499867,multiProtocolGateway,deploySNIArtifacts,0,0,0,0,0
1579878466.499867,multiProtocolGateway,mbaas_uri_to_host,106,125,137,150,132
1579878466.499867,multiProtocolGateway,stats,0,0,0,0,0
1579879066.997361,multiProtocolGateway,CustomDomainsApiRouter,0,0,0,0,0
1579879066.997361,multiProtocolGateway,customDomains,36,80,85,76,66
1579879066.997361,multiProtocolGateway,deploySNIArtifacts,0,0,0,0,0
1579879066.997361,multiProtocolGateway,mbaas_uri_to_host,130,109,120,150,132
1579879066.997361,multiProtocolGateway,stats,0,0,0,0,0
1579879667.463004,multiProtocolGateway,CustomDomainsApiRouter,0,0,0,0,0
1579879667.463004,multiProtocolGateway,customDomains,107,92,88,78,66
1579879667.463004,multiProtocolGateway,deploySNIArtifacts,0,0,0,0,0
1579879667.463004,multiProtocolGateway,mbaas_uri_to_host,618,183,129,151,132
1579879667.463004,multiProtocolGateway,stats,0,0,0,0,0
1579880267.988272,multiProtocolGateway,CustomDomainsApiRouter,0,0,0,0,0
1579880267.988272,multiProtocolGateway,customDomains,87,74,93,81,66
1579880267.988272,multiProtocolGateway,deploySNIArtifacts,0,0,0,0,0
1579880267.988272,multiProtocolGateway,mbaas_uri_to_host,113,101,202,145,132
1579880267.988272,multiProtocolGateway,stats,0,0,0,0,0
1579880868.451848,multiProtocolGateway,CustomDomainsApiRouter,0,0,0,0,0
1579880868.451848,multiProtocolGateway,customDomains,77,100,88,83,66
1579880868.451848,multiProtocolGateway,deploySNIArtifacts,0,0,0,0,0
1579880868.451848,multiProtocolGateway,mbaas_uri_to_host,88,113,128,143,132
1579880868.451848,multiProtocolGateway,stats,0,0,0,0,0
1579881468.906421,multiProtocolGateway,CustomDomainsApiRouter,0,0,0,0,0
1579881468.906421,multiProtocolGateway,customDomains,61,89,89,86,66
1579881468.906421,multiProtocolGateway,deploySNIArtifacts,0,0,0,0,0
1579881468.906421,multiProtocolGateway,mbaas_uri_to_host,109,123,114,144,132
1579881468.906421,multiProtocolGateway,stats,0,0,0,0,0
1579882069.382725,multiProtocolGateway,CustomDomainsApiRouter,0,0,0,0,0
1579882069.382725,multiProtocolGateway,customDomains,38,70,88,88,66
1579882069.382725,multiProtocolGateway,deploySNIArtifacts,0,0,0,0,0
1579882069.382725,multiProtocolGateway,mbaas_uri_to_host,93,91,110,140,132
1579882069.382725,multiProtocolGateway,stats,0,0,0,0,0
1579882669.888717,multiProtocolGateway,CustomDomainsApiRouter,0,0,0,0,0
1579882669.888717,multiProtocolGateway,customDomains,65,102,90,89,66
1579882669.888717,multiProtocolGateway,deploySNIArtifacts,0,0,0,0,0
1579882669.888717,multiProtocolGateway,mbaas_uri_to_host,104,108,109,139,132
1579882669.888717,multiProtocolGateway,stats,0,0,0,0,0
1579883270.35032,multiProtocolGateway,CustomDomainsApiRouter,0,0,0,0,0
1579883270.35032,multiProtocolGateway,customDomains,83,91,89,89,66
1579883270.35032,multiProtocolGateway,deploySNIArtifacts,0,0,0,0,0
1579883270.35032,multiProtocolGateway,mbaas_uri_to_host,111,128,112,137,132
1579883270.35032,multiProtocolGateway,stats,0,0,0,0,0
1579883870.833993,multiProtocolGateway,CustomDomainsApiRouter,0,0,0,0,0
1579883870.833993,multiProtocolGateway,customDomains,80,100,99,90,66
1579883870.833993,multiProtocolGateway,deploySNIArtifacts,0,0,0,0,0
1579883870.833993,multiProtocolGateway,mbaas_uri_to_host,88,98,200,135,132
1579883870.833993,multiProtocolGateway,stats,0,0,0,0,0
1579884471.337818,multiProtocolGateway,CustomDomainsApiRouter,0,0,0,0,0
1579884471.337818,multiProtocolGateway,customDomains,175,92,91,91,66
1579884471.337818,multiProtocolGateway,deploySNIArtifacts,0,0,0,0,0
1579884471.337818,multiProtocolGateway,mbaas_uri_to_host,439,155,123,135,132
1579884471.337818,multiProtocolGateway,stats,0,0,0,0,0
1579885071.806201,multiProtocolGateway,CustomDomainsApiRouter,0,0,0,0,0
1579885071.806201,multiProtocolGateway,customDomains,39,84,90,91,66
1579885071.806201,multiProtocolGateway,deploySNIArtifacts,0,0,0,0,0
1579885071.806201,multiProtocolGateway,mbaas_uri_to_host,123,115,111,134,132
1579885071.806201,multiProtocolGateway,stats,0,0,0,0,0
1579885672.327723,multiProtocolGateway,CustomDomainsApiRouter,0,0,0,0,0
1579885672.327723,multiProtocolGateway,customDomains,134,88,94,92,66
1579885672.327723,multiProtocolGateway,deploySNIArtifacts,0,0,0,0,0
1579885672.327723,multiProtocolGateway,mbaas_uri_to_host,102,95,114,134,132
1579885672.327723,multiProtocolGateway,stats,0,0,0,0,0
1579886272.881979,multiProtocolGateway,CustomDomainsApiRouter,0,0,0,0,0
1579886272.881979,multiProtocolGateway,customDomains,65,105,99,93,66
1579886272.881979,multiProtocolGateway,deploySNIArtifacts,0,0,0,0,0
1579886272.881979,multiProtocolGateway,mbaas_uri_to_host,86,117,124,136,132
1579886272.881979,multiProtocolGateway,stats,0,0,0,0,0
1579886873.408227,multiProtocolGateway,CustomDomainsApiRouter,0,0,0,0,0
1579886873.408227,multiProtocolGateway,customDomains,131,99,94,94,66
1579886873.408227,multiProtocolGateway,deploySNIArtifacts,0,0,0,0,0
1579886873.408227,multiProtocolGateway,mbaas_uri_to_host,74,140,119,137,132
1579886873.408227,multiProtocolGateway,stats,0,0,0,0,0
1579887473.865493,multiProtocolGateway,CustomDomainsApiRouter,0,0,0,0,0
1579887473.865493,multiProtocolGateway,customDomains,93,97,103,95,67
1579887473.865493,multiProtocolGateway,deploySNIArtifacts,0,0,0,0,0
1579887473.865493,multiProtocolGateway,mbaas_uri_to_host,133,111,240,147,132
1579887473.865493,multiProtocolGateway,stats,0,0,0,0,0
1579888074.328855,multiProtocolGateway,CustomDomainsApiRouter,0,0,0,0,0
1579888074.328855,multiProtocolGateway,customDomains,109,119,100,96,67
1579888074.328855,multiProtocolGateway,deploySNIArtifacts,0,0,0,0,0
1579888074.328855,multiProtocolGateway,mbaas_uri_to_host,109,102,113,146,132
1579888074.328855,multiProtocolGateway,stats,0,0,0,0,0
1579888674.807274,multiProtocolGateway,CustomDomainsApiRouter,0,0,0,0,0
1579888674.807274,multiProtocolGateway,customDomains,190,120,103,98,67
1579888674.807274,multiProtocolGateway,deploySNIArtifacts,0,0,0,0,0
1579888674.807274,multiProtocolGateway,mbaas_uri_to_host,131,128,122,147,132
1579888674.807274,multiProtocolGateway,stats,0,0,0,0,0
1579889275.26623,multiProtocolGateway,CustomDomainsApiRouter,0,0,0,0,0
1579889275.26623,multiProtocolGateway,customDomains,56,91,106,100,67
1579889275.26623,multiProtocolGateway,deploySNIArtifacts,0,0,0,0,0
1579889275.26623,multiProtocolGateway,mbaas_uri_to_host,92,101,117,148,132
1579889275.26623,multiProtocolGateway,stats,0,0,0,0,0
1579889875.822666,multiProtocolGateway,CustomDomainsApiRouter,0,0,0,0,0
1579889875.822666,multiProtocolGateway,customDomains,109,92,104,102,67
1579889875.822666,multiProtocolGateway,deploySNIArtifacts,0,0,0,0,0
1579889875.822666,multiProtocolGateway,mbaas_uri_to_host,95,92,112,147,132
1579889875.822666,multiProtocolGateway,stats,0,0,0,0,0
1579890476.281231,multiProtocolGateway,CustomDomainsApiRouter,0,0,0,0,0
1579890476.281231,multiProtocolGateway,customDomains,89,92,99,102,67
1579890476.281231,multiProtocolGateway,deploySNIArtifacts,0,0,0,0,0
1579890476.281231,multiProtocolGateway,mbaas_uri_to_host,83,122,105,144,132
1579890476.281231,multiProtocolGateway,stats,0,0,0,0,0
1579891076.752728,multiProtocolGateway,CustomDomainsApiRouter,0,0,0,0,0
1579891076.752728,multiProtocolGateway,customDomains,113,96,109,103,69
1579891076.752728,multiProtocolGateway,deploySNIArtifacts,0,0,0,0,0
1579891076.752728,multiProtocolGateway,mbaas_uri_to_host,94,88,240,144,132
1579891076.752728,multiProtocolGateway,stats,0,0,0,0,0
1579891677.242087,multiProtocolGateway,CustomDomainsApiRouter,0,0,0,0,0
1579891677.242087,multiProtocolGateway,customDomains,121,87,92,103,69
1579891677.242087,multiProtocolGateway,deploySNIArtifacts,0,0,0,0,0
1579891677.242087,multiProtocolGateway,mbaas_uri_to_host,106,167,120,143,132
1579891677.242087,multiProtocolGateway,stats,0,0,0,0,0
1579892277.7113,multiProtocolGateway,CustomDomainsApiRouter,0,0,0,0,0
1579892277.7113,multiProtocolGateway,customDomains,115,123,115,104,69
1579892277.7113,multiProtocolGateway,deploySNIArtifacts,0,0,0,0,0
1579892277.7113,multiProtocolGateway,mbaas_uri_to_host,114,116,114,143,132
1579892277.7113,multiProtocolGateway,stats,0,0,0,0,0
1579892878.172386,multiProtocolGateway,CustomDomainsApiRouter,0,0,0,0,0
1579892878.172386,multiProtocolGateway,customDomains,101,106,109,104,69
1579892878.172386,multiProtocolGateway,deploySNIArtifacts,0,0,0,0,0
1579892878.172386,multiProtocolGateway,mbaas_uri_to_host,81,103,125,144,132
1579892878.172386,multiProtocolGateway,stats,0,0,0,0,0
1579893478.659999,multiProtocolGateway,CustomDomainsApiRouter,0,0,0,0,0
1579893478.659999,multiProtocolGateway,customDomains,166,118,104,104,69
1579893478.659999,multiProtocolGateway,deploySNIArtifacts,0,0,0,0,0
1579893478.659999,multiProtocolGateway,mbaas_uri_to_host,107,98,121,146,132
1579893478.659999,multiProtocolGateway,stats,0,0,0,0,0
1579894079.133806,multiProtocolGateway,CustomDomainsApiRouter,0,0,0,0,0
1579894079.133806,multiProtocolGateway,customDomains,93,103,101,105,69
1579894079.133806,multiProtocolGateway,deploySNIArtifacts,0,0,0,0,0
1579894079.133806,multiProtocolGateway,mbaas_uri_to_host,103,121,113,146,132
1579894079.133806,multiProtocolGateway,stats,0,0,0,0,0
1579894679.597572,multiProtocolGateway,CustomDomainsApiRouter,0,0,0,0,0
1579894679.597572,multiProtocolGateway,customDomains,234,122,108,105,69
1579894679.597572,multiProtocolGateway,deploySNIArtifacts,0,0,0,0,0
1579894679.597572,multiProtocolGateway,mbaas_uri_to_host,101,87,224,143,132
1579894679.597572,multiProtocolGateway,stats,0,0,0,0,0
1579895280.140165,multiProtocolGateway,CustomDomainsApiRouter,0,0,0,0,0
1579895280.140165,multiProtocolGateway,customDomains,74,120,112,108,69
1579895280.140165,multiProtocolGateway,deploySNIArtifacts,0,0,0,0,0
1579895280.140165,multiProtocolGateway,mbaas_uri_to_host,91,86,119,145,132
1579895280.140165,multiProtocolGateway,stats,0,0,0,0,0
1579895880.751549,multiProtocolGateway,CustomDomainsApiRouter,0,0,0,0,0
1579895880.751549,multiProtocolGateway,customDomains,73,88,103,107,69
1579895880.751549,multiProtocolGateway,deploySNIArtifacts,0,0,0,0,0
1579895880.751549,multiProtocolGateway,mbaas_uri_to_host,95,103,104,142,132
1579895880.751549,multiProtocolGateway,stats,0,0,0,0,0
1579896481.227884,multiProtocolGateway,CustomDomainsApiRouter,0,0,0,0,0
1579896481.227884,multiProtocolGateway,customDomains,74,92,105,106,69
1579896481.227884,multiProtocolGateway,deploySNIArtifacts,0,0,0,0,0
1579896481.227884,multiProtocolGateway,mbaas_uri_to_host,96,85,109,140,132
1579896481.227884,multiProtocolGateway,stats,0,0,0,0,0
1579897081.680808,multiProtocolGateway,CustomDomainsApiRouter,0,0,0,0,0
1579897081.680808,multiProtocolGateway,customDomains,103,96,109,106,69
1579897081.680808,multiProtocolGateway,deploySNIArtifacts,0,0,0,0,0
1579897081.680808,multiProtocolGateway,mbaas_uri_to_host,119,92,126,140,132
1579897081.680808,multiProtocolGateway,stats,0,0,0,0,0
1579897682.149045,multiProtocolGateway,CustomDomainsApiRouter,0,0,0,0,0
1579897682.149045,multiProtocolGateway,customDomains,198,123,111,108,69
1579897682.149045,multiProtocolGateway,deploySNIArtifacts,0,0,0,0,0
1579897682.149045,multiProtocolGateway,mbaas_uri_to_host,106,100,126,145,132
1579897682.149045,multiProtocolGateway,stats,0,0,0,0,0
1579898282.652574,multiProtocolGateway,CustomDomainsApiRouter,0,0,0,0,0
1579898282.652574,multiProtocolGateway,customDomains,104,120,113,109,70
1579898282.652574,multiProtocolGateway,deploySNIArtifacts,0,0,0,0,0
1579898282.652574,multiProtocolGateway,mbaas_uri_to_host,84,93,205,139,132
1579898282.652574,multiProtocolGateway,stats,0,0,0,0,0
1579898883.149415,multiProtocolGateway,CustomDomainsApiRouter,0,0,0,0,0
1579898883.149415,multiProtocolGateway,customDomains,41,76,112,109,70
1579898883.149415,multiProtocolGateway,deploySNIArtifacts,0,0,0,0,0
1579898883.149415,multiProtocolGateway,mbaas_uri_to_host,126,147,124,138,132
1579898883.149415,multiProtocolGateway,stats,0,0,0,0,0
1579899483.630832,multiProtocolGateway,CustomDomainsApiRouter,0,0,0,0,0
1579899483.630832,multiProtocolGateway,customDomains,79,99,106,109,70
1579899483.630832,multiProtocolGateway,deploySNIArtifacts,0,0,0,0,0
1579899483.630832,multiProtocolGateway,mbaas_uri_to_host,94,86,112,140,132
1579899483.630832,multiProtocolGateway,stats,0,0,0,0,0
1579900084.089221,multiProtocolGateway,CustomDomainsApiRouter,0,0,0,0,0
1579900084.089221,multiProtocolGateway,customDomains,160,116,120,112,70
1579900084.089221,multiProtocolGateway,deploySNIArtifacts,0,0,0,0,0
1579900084.089221,multiProtocolGateway,mbaas_uri_to_host,95,79,132,143,132
1579900084.089221,multiProtocolGateway,stats,0,0,0,0,0
1579900684.549793,multiProtocolGateway,CustomDomainsApiRouter,0,0,0,0,0
1579900684.549793,multiProtocolGateway,customDomains,152,100,102,111,70
1579900684.549793,multiProtocolGateway,deploySNIArtifacts,0,0,0,0,0
1579900684.549793,multiProtocolGateway,mbaas_uri_to_host,84,106,145,145,132
1579900684.549793,multiProtocolGateway,stats,0,0,0,0,0
1579901285.003852,multiProtocolGateway,CustomDomainsApiRouter,0,0,0,0,0
1579901285.003852,multiProtocolGateway,customDomains,117,106,98,109,70
1579901285.003852,multiProtocolGateway,deploySNIArtifacts,0,0,0,0,0
1579901285.003852,multiProtocolGateway,mbaas_uri_to_host,124,110,131,145,132
1579901285.003852,multiProtocolGateway,stats,0,0,0,0,0
1579901886.877849,multiProtocolGateway,CustomDomainsApiRouter,0,0,0,0,0
1579901886.877849,multiProtocolGateway,customDomains,177,117,118,109,70
1579901886.877849,multiProtocolGateway,deploySNIArtifacts,0,0,0,0,0
1579901886.877849,multiProtocolGateway,mbaas_uri_to_host,355,190,244,152,133
1579901886.877849,multiProtocolGateway,stats,0,0,0,0,0
1579902487.357239,multiProtocolGateway,CustomDomainsApiRouter,0,0,0,0,0
1579902487.357239,multiProtocolGateway,customDomains,47,68,102,107,70
1579902487.357239,multiProtocolGateway,deploySNIArtifacts,0,0,0,0,0
1579902487.357239,multiProtocolGateway,mbaas_uri_to_host,121,107,164,160,133
1579902487.357239,multiProtocolGateway,stats,0,0,0,0,0
1579903087.825835,multiProtocolGateway,CustomDomainsApiRouter,0,0,0,0,0
1579903087.825835,multiProtocolGateway,customDomains,118,118,102,107,70
1579903087.825835,multiProtocolGateway,deploySNIArtifacts,0,0,0,0,0
1579903087.825835,multiProtocolGateway,mbaas_uri_to_host,148,210,132,161,133
1579903087.825835,multiProtocolGateway,stats,0,0,0,0,0
1579903688.275581,multiProtocolGateway,CustomDomainsApiRouter,0,0,0,0,0
1579903688.275581,multiProtocolGateway,customDomains,86,73,85,102,70
1579903688.275581,multiProtocolGateway,deploySNIArtifacts,0,0,0,0,0
1579903688.275581,multiProtocolGateway,mbaas_uri_to_host,97,99,113,158,133
1579903688.275581,multiProtocolGateway,stats,0,0,0,0,0
1579904288.716948,multiProtocolGateway,CustomDomainsApiRouter,0,0,0,0,0
1579904288.716948,multiProtocolGateway,customDomains,83,80,76,97,70
1579904288.716948,multiProtocolGateway,deploySNIArtifacts,0,0,0,0,0
1579904288.716948,multiProtocolGateway,mbaas_uri_to_host,152,127,131,156,133
1579904288.716948,multiProtocolGateway,stats,0,0,0,0,0
1579904889.191604,multiProtocolGateway,CustomDomainsApiRouter,0,0,0,0,0
1579904889.191604,multiProtocolGateway,customDomains,122,61,70,93,70
1579904889.191604,multiProtocolGateway,deploySNIArtifacts,0,0,0,0,0
1579904889.191604,multiProtocolGateway,mbaas_uri_to_host,239,115,114,154,133
1579904889.191604,multiProtocolGateway,stats,0,0,0,0,0
1579905489.65812,multiProtocolGateway,CustomDomainsApiRouter,0,0,0,0,0
1579905489.65812,multiProtocolGateway,customDomains,50,71,85,88,70
1579905489.65812,multiProtocolGateway,deploySNIArtifacts,0,0,0,0,0
1579905489.65812,multiProtocolGateway,mbaas_uri_to_host,79,118,226,151,134
1579905489.65812,multiProtocolGateway,stats,0,0,0,0,0
1579906090.124378,multiProtocolGateway,CustomDomainsApiRouter,0,0,0,0,0
1579906090.124378,multiProtocolGateway,customDomains,41,61,75,83,70
1579906090.124378,multiProtocolGateway,deploySNIArtifacts,0,0,0,0,0
1579906090.124378,multiProtocolGateway,mbaas_uri_to_host,79,91,125,145,134
1579906090.124378,multiProtocolGateway,stats,0,0,0,0,0
1579906690.608583,multiProtocolGateway,CustomDomainsApiRouter,0,0,0,0,0
1579906690.608583,multiProtocolGateway,customDomains,89,82,72,78,70
1579906690.608583,multiProtocolGateway,deploySNIArtifacts,0,0,0,0,0
1579906690.608583,multiProtocolGateway,mbaas_uri_to_host,72,98,112,143,134
1579906690.608583,multiProtocolGateway,stats,0,0,0,0,0
1579907291.09906,multiProtocolGateway,CustomDomainsApiRouter,0,0,0,0,0
1579907291.09906,multiProtocolGateway,customDomains,56,52,60,73,70
1579907291.09906,multiProtocolGateway,deploySNIArtifacts,0,0,0,0,0
1579907291.09906,multiProtocolGateway,mbaas_uri_to_host,90,85,105,143,134
1579907291.09906,multiProtocolGateway,stats,0,0,0,0,0
1579907891.602361,multiProtocolGateway,CustomDomainsApiRouter,0,0,0,0,0
1579907891.602361,multiProtocolGateway,customDomains,37,46,44,66,70
1579907891.602361,multiProtocolGateway,deploySNIArtifacts,0,0,0,0,0
1579907891.602361,multiProtocolGateway,mbaas_uri_to_host,90,215,122,140,134
1579907891.602361,multiProtocolGateway,stats,0,0,0,0,0
1579908492.089178,multiProtocolGateway,CustomDomainsApiRouter,0,0,0,0,0
1579908492.089178,multiProtocolGateway,customDomains,40,48,45,61,70
1579908492.089178,multiProtocolGateway,deploySNIArtifacts,0,0,0,0,0
1579908492.089178,multiProtocolGateway,mbaas_uri_to_host,161,185,122,143,134
1579908492.089178,multiProtocolGateway,stats,0,0,0,0,0
1579909092.585237,multiProtocolGateway,CustomDomainsApiRouter,0,0,0,0,0
1579909092.585237,multiProtocolGateway,customDomains,42,54,60,58,70
1579909092.585237,multiProtocolGateway,deploySNIArtifacts,0,0,0,0,0
1579909092.585237,multiProtocolGateway,mbaas_uri_to_host,98,126,296,161,135
1579909092.585237,multiProtocolGateway,stats,0,0,0,0,0
1579909693.055545,multiProtocolGateway,CustomDomainsApiRouter,0,0,0,0,0
1579909693.055545,multiProtocolGateway,customDomains,112,73,50,54,70
1579909693.055545,multiProtocolGateway,deploySNIArtifacts,0,0,0,0,0
1579909693.055545,multiProtocolGateway,mbaas_uri_to_host,104,110,134,161,135
1579909693.055545,multiProtocolGateway,stats,0,0,0,0,0
1579910293.576226,multiProtocolGateway,CustomDomainsApiRouter,0,0,0,0,0
1579910293.576226,multiProtocolGateway,customDomains,43,44,48,51,70
1579910293.576226,multiProtocolGateway,deploySNIArtifacts,0,0,0,0,0
1579910293.576226,multiProtocolGateway,mbaas_uri_to_host,139,121,123,164,135
1579910293.576226,multiProtocolGateway,stats,0,0,0,0,0
1579910894.077369,multiProtocolGateway,CustomDomainsApiRouter,0,0,0,0,0
1579910894.077369,multiProtocolGateway,customDomains,40,47,53,50,70
1579910894.077369,multiProtocolGateway,deploySNIArtifacts,0,0,0,0,0
1579910894.077369,multiProtocolGateway,mbaas_uri_to_host,94,104,122,164,135
1579910894.077369,multiProtocolGateway,stats,0,0,0,0,0
1579911494.501005,multiProtocolGateway,CustomDomainsApiRouter,0,0,0,0,0
1579911494.501005,multiProtocolGateway,customDomains,43,54,55,52,70
1579911494.501005,multiProtocolGateway,deploySNIArtifacts,0,0,0,0,0
1579911494.501005,multiProtocolGateway,mbaas_uri_to_host,84,118,132,167,135
1579911494.501005,multiProtocolGateway,stats,0,0,0,0,0
1579912094.99444,multiProtocolGateway,CustomDomainsApiRouter,0,0,0,0,0
1579912094.99444,multiProtocolGateway,customDomains,38,45,45,53,70
1579912094.99444,multiProtocolGateway,deploySNIArtifacts,0,0,0,0,0
1579912094.99444,multiProtocolGateway,mbaas_uri_to_host,133,136,123,166,135
1579912094.99444,multiProtocolGateway,stats,0,0,0,0,0
1579912695.466741,multiProtocolGateway,CustomDomainsApiRouter,0,0,0,0,0
1579912695.466741,multiProtocolGateway,customDomains,33,37,64,52,70
1579912695.466741,multiProtocolGateway,deploySNIArtifacts,0,0,0,0,0
1579912695.466741,multiProtocolGateway,mbaas_uri_to_host,103,129,219,148,136
1579912695.466741,multiProtocolGateway,stats,0,0,0,0,0
1579913295.950724,multiProtocolGateway,CustomDomainsApiRouter,0,0,0,0,0
1579913295.950724,multiProtocolGateway,customDomains,35,47,50,52,70
1579913295.950724,multiProtocolGateway,deploySNIArtifacts,0,0,0,0,0
1579913295.950724,multiProtocolGateway,mbaas_uri_to_host,69,104,138,149,136
1579913295.950724,multiProtocolGateway,stats,0,0,0,0,0
1579913896.41999,multiProtocolGateway,CustomDomainsApiRouter,0,0,0,0,0
1579913896.41999,multiProtocolGateway,customDomains,39,76,51,53,70
1579913896.41999,multiProtocolGateway,deploySNIArtifacts,0,0,0,0,0
1579913896.41999,multiProtocolGateway,mbaas_uri_to_host,105,108,119,148,136
1579913896.41999,multiProtocolGateway,stats,0,0,0,0,0
1579914496.914376,multiProtocolGateway,CustomDomainsApiRouter,0,0,0,0,0
1579914496.914376,multiProtocolGateway,customDomains,29,41,52,54,70
1579914496.914376,multiProtocolGateway,deploySNIArtifacts,0,0,0,0,0
1579914496.914376,multiProtocolGateway,mbaas_uri_to_host,115,106,133,150,136
1579914496.914376,multiProtocolGateway,stats,0,0,0,0,0
1579915097.427481,multiProtocolGateway,CustomDomainsApiRouter,0,0,0,0,0
1579915097.427481,multiProtocolGateway,customDomains,53,51,51,52,70
1579915097.427481,multiProtocolGateway,deploySNIArtifacts,0,0,0,0,0
1579915097.427481,multiProtocolGateway,mbaas_uri_to_host,125,131,126,150,136
1579915097.427481,multiProtocolGateway,stats,0,0,0,0,0
1579915697.924462,multiProtocolGateway,CustomDomainsApiRouter,0,0,0,0,0
1579915697.924462,multiProtocolGateway,customDomains,36,58,50,53,70
1579915697.924462,multiProtocolGateway,deploySNIArtifacts,0,0,0,0,0
1579915697.924462,multiProtocolGateway,mbaas_uri_to_host,136,109,117,148,136
1579915697.924462,multiProtocolGateway,stats,0,0,0,0,0
1579916298.41503,multiProtocolGateway,CustomDomainsApiRouter,0,0,0,0,0
1579916298.41503,multiProtocolGateway,customDomains,39,60,71,55,70
1579916298.41503,multiProtocolGateway,deploySNIArtifacts,0,0,0,0,0
1579916298.41503,multiProtocolGateway,mbaas_uri_to_host,132,120,251,156,137
1579916298.41503,multiProtocolGateway,stats,0,0,0,0,0
1579916898.902597,multiProtocolGateway,CustomDomainsApiRouter,0,0,0,0,0
1579916898.902597,multiProtocolGateway,customDomains,84,51,53,56,70
1579916898.902597,multiProtocolGateway,deploySNIArtifacts,0,0,0,0,0
1579916898.902597,multiProtocolGateway,mbaas_uri_to_host,108,97,122,153,137
1579916898.902597,multiProtocolGateway,stats,0,0,0,0,0
1579917499.39307,multiProtocolGateway,CustomDomainsApiRouter,0,0,0,0,0
1579917499.39307,multiProtocolGateway,customDomains,35,49,51,55,70
1579917499.39307,multiProtocolGateway,deploySNIArtifacts,0,0,0,0,0
1579917499.39307,multiProtocolGateway,mbaas_uri_to_host,128,115,110,152,137
1579917499.39307,multiProtocolGateway,stats,0,0,0,0,0
1579918099.876351,multiProtocolGateway,CustomDomainsApiRouter,0,0,0,0,0
1579918099.876351,multiProtocolGateway,customDomains,40,52,54,55,70
1579918099.876351,multiProtocolGateway,deploySNIArtifacts,0,0,0,0,0
1579918099.876351,multiProtocolGateway,mbaas_uri_to_host,108,139,122,150,137
1579918099.876351,multiProtocolGateway,stats,0,0,0,0,0
1579918700.375596,multiProtocolGateway,CustomDomainsApiRouter,0,0,0,0,0
1579918700.375596,multiProtocolGateway,customDomains,42,40,57,56,70
1579918700.375596,multiProtocolGateway,deploySNIArtifacts,0,0,0,0,0
1579918700.375596,multiProtocolGateway,mbaas_uri_to_host,86,100,126,150,137
1579918700.375596,multiProtocolGateway,stats,0,0,0,0,0
1579919300.914948,multiProtocolGateway,CustomDomainsApiRouter,0,0,0,0,0
1579919300.914948,multiProtocolGateway,customDomains,51,43,51,56,70
1579919300.914948,multiProtocolGateway,deploySNIArtifacts,0,0,0,0,0
1579919300.914948,multiProtocolGateway,mbaas_uri_to_host,120,102,104,149,137
1579919300.914948,multiProtocolGateway,stats,0,0,0,0,0
1579919901.393776,multiProtocolGateway,CustomDomainsApiRouter,0,0,0,0,0
1579919901.393776,multiProtocolGateway,customDomains,44,40,65,55,70
1579919901.393776,multiProtocolGateway,deploySNIArtifacts,0,0,0,0,0
1579919901.393776,multiProtocolGateway,mbaas_uri_to_host,89,147,234,143,137
1579919901.393776,multiProtocolGateway,stats,0,0,0,0,0
1579920501.908404,multiProtocolGateway,CustomDomainsApiRouter,0,0,0,0,0
1579920501.908404,multiProtocolGateway,customDomains,40,58,50,54,70
1579920501.908404,multiProtocolGateway,deploySNIArtifacts,0,0,0,0,0
1579920501.908404,multiProtocolGateway,mbaas_uri_to_host,78,99,122,143,137
1579920501.908404,multiProtocolGateway,stats,0,0,0,0,0
1579921102.402797,multiProtocolGateway,CustomDomainsApiRouter,0,0,0,0,0
1579921102.402797,multiProtocolGateway,customDomains,40,60,54,55,70
1579921102.402797,multiProtocolGateway,deploySNIArtifacts,0,0,0,0,0
1579921102.402797,multiProtocolGateway,mbaas_uri_to_host,103,137,95,142,137
1579921102.402797,multiProtocolGateway,stats,0,0,0,0,0
1579921702.882871,multiProtocolGateway,CustomDomainsApiRouter,0,0,0,0,0
1579921702.882871,multiProtocolGateway,customDomains,38,50,53,54,70
1579921702.882871,multiProtocolGateway,deploySNIArtifacts,0,0,0,0,0
1579921702.882871,multiProtocolGateway,mbaas_uri_to_host,178,143,124,141,137
1579921702.882871,multiProtocolGateway,stats,0,0,0,0,0
1579922303.352336,multiProtocolGateway,CustomDomainsApiRouter,0,0,0,0,0
1579922303.352336,multiProtocolGateway,customDomains,50,53,51,54,70
1579922303.352336,multiProtocolGateway,deploySNIArtifacts,0,0,0,0,0
1579922303.352336,multiProtocolGateway,mbaas_uri_to_host,99,120,105,139,137
1579922303.352336,multiProtocolGateway,stats,0,0,0,0,0
1579922903.846774,multiProtocolGateway,CustomDomainsApiRouter,0,0,0,0,0
1579922903.846774,multiProtocolGateway,customDomains,38,63,49,54,70
1579922903.846774,multiProtocolGateway,deploySNIArtifacts,0,0,0,0,0
1579922903.846774,multiProtocolGateway,mbaas_uri_to_host,106,111,110,139,137
1579922903.846774,multiProtocolGateway,stats,0,0,0,0,0
1579923504.327362,multiProtocolGateway,CustomDomainsApiRouter,0,0,0,0,0
1579923504.327362,multiProtocolGateway,customDomains,50,55,72,54,70
1579923504.327362,multiProtocolGateway,deploySNIArtifacts,0,0,0,0,0
1579923504.327362,multiProtocolGateway,mbaas_uri_to_host,116,111,231,139,138
1579923504.327362,multiProtocolGateway,stats,0,0,0,0,0
1579924104.786408,multiProtocolGateway,CustomDomainsApiRouter,0,0,0,0,0
1579924104.786408,multiProtocolGateway,customDomains,39,72,64,56,70
1579924104.786408,multiProtocolGateway,deploySNIArtifacts,0,0,0,0,0
1579924104.786408,multiProtocolGateway,mbaas_uri_to_host,101,133,112,139,138
1579924104.786408,multiProtocolGateway,stats,0,0,0,0,0
1579924705.225848,multiProtocolGateway,CustomDomainsApiRouter,0,0,0,0,0
1579924705.225848,multiProtocolGateway,customDomains,40,42,61,58,70
1579924705.225848,multiProtocolGateway,deploySNIArtifacts,0,0,0,0,0
1579924705.225848,multiProtocolGateway,mbaas_uri_to_host,99,126,103,138,138
1579924705.225848,multiProtocolGateway,stats,0,0,0,0,0
1579925305.698144,multiProtocolGateway,CustomDomainsApiRouter,0,0,0,0,0
1579925305.698144,multiProtocolGateway,customDomains,46,61,53,58,70
1579925305.698144,multiProtocolGateway,deploySNIArtifacts,0,0,0,0,0
1579925305.698144,multiProtocolGateway,mbaas_uri_to_host,97,96,115,139,138
1579925305.698144,multiProtocolGateway,stats,0,0,0,0,0
1579925906.165818,multiProtocolGateway,CustomDomainsApiRouter,0,0,0,0,0
1579925906.165818,multiProtocolGateway,customDomains,47,53,60,59,70
1579925906.165818,multiProtocolGateway,deploySNIArtifacts,0,0,0,0,0
1579925906.165818,multiProtocolGateway,mbaas_uri_to_host,111,124,123,141,138
1579925906.165818,multiProtocolGateway,stats,0,0,0,0,0
1579926506.619943,multiProtocolGateway,CustomDomainsApiRouter,0,0,0,0,0
1579926506.619943,multiProtocolGateway,customDomains,37,40,55,61,70
1579926506.619943,multiProtocolGateway,deploySNIArtifacts,0,0,0,0,0
1579926506.619943,multiProtocolGateway,mbaas_uri_to_host,91,107,111,140,138
1579926506.619943,multiProtocolGateway,stats,0,0,0,0,0
1579927107.095473,multiProtocolGateway,CustomDomainsApiRouter,0,0,0,0,0
1579927107.095473,multiProtocolGateway,customDomains,47,71,78,62,70
1579927107.095473,multiProtocolGateway,deploySNIArtifacts,0,0,0,0,0
1579927107.095473,multiProtocolGateway,mbaas_uri_to_host,104,112,263,150,138
1579927107.095473,multiProtocolGateway,stats,0,0,0,0,0
1579927707.585664,multiProtocolGateway,CustomDomainsApiRouter,0,0,0,0,0
1579927707.585664,multiProtocolGateway,customDomains,43,50,56,61,70
1579927707.585664,multiProtocolGateway,deploySNIArtifacts,0,0,0,0,0
1579927707.585664,multiProtocolGateway,mbaas_uri_to_host,130,113,133,153,138
1579927707.585664,multiProtocolGateway,stats,0,0,0,0,0
1579928309.840352,multiProtocolGateway,CustomDomainsApiRouter,0,0,0,0,0
1579928309.840352,multiProtocolGateway,customDomains,35,51,54,59,70
1579928309.840352,multiProtocolGateway,deploySNIArtifacts,0,0,0,0,0
1579928309.840352,multiProtocolGateway,mbaas_uri_to_host,81,103,130,156,138
1579928309.840352,multiProtocolGateway,stats,0,0,0,0,0
1579928910.309342,multiProtocolGateway,CustomDomainsApiRouter,0,0,0,0,0
1579928910.309342,multiProtocolGateway,customDomains,47,57,51,59,70
1579928910.309342,multiProtocolGateway,deploySNIArtifacts,0,0,0,0,0
1579928910.309342,multiProtocolGateway,mbaas_uri_to_host,263,161,131,157,138
1579928910.309342,multiProtocolGateway,stats,0,0,0,0,0
